ID,Title,Author,ISBN,Availability
1,Test lawyer itself.,William Hale,978-0-9904174-7-7,Available
2,Trip catch.,Erin Dillon,978-1-942185-85-7,Available
3,Finish really.,Chris Obrien,978-1-76534-248-2,Available
4,Not usually surface.,Leslie Parker,978-0-917544-42-2,Available
5,Authority police.,Brandon Mcbride,978-0-88474-343-9,Available
6,May too whether.,Lucas Mcguire,978-1-04-430339-5,Available
7,Court finish hundred.,Jonathan Smith,978-1-933140-04-9,Available
8,Best.,Eric Robertson,978-0-08-953886-1,Available
9,Onto still.,Kent Chan,978-1-4396-4375-4,Available
10,Chair staff.,Rachel Lopez,978-0-496-54098-3,Available
11,Send fact service.,Kim Brown,978-1-922913-94-4,Available
12,Career you building agent.,Tammy Thomas,978-1-214-85906-6,Available
13,Sound wall through like.,Robert Butler Jr.,978-0-01-298416-1,Available
14,Few especially other discussion.,Steven Spencer,978-0-541-86069-1,Available
15,Prepare game.,Carlos Gillespie,978-1-327-84766-0,Available
16,Necessary computer.,Christian Hale,978-1-57853-395-4,Available
17,Education mission important.,Brandon Mitchell,978-0-283-52892-7,Available
18,Themselves growth.,Kimberly Taylor,978-1-161-10362-5,Available
19,Sport marriage.,Nicholas Perez,978-0-9975492-2-5,Available
20,Have cultural drug.,Jennifer Curtis,978-1-07-901384-9,Available
21,Once office against.,Jennifer Steele,978-1-391-91183-0,Available
22,Decision bit certainly.,Linda Hickman,978-0-04-457839-0,Available
23,Read check rather.,Steven Raymond,978-0-409-69183-2,Available
24,Light meeting table.,Nathan Barker,978-0-207-90084-6,Available
25,Good collection identify.,Stephanie Rodriguez,978-1-360-02895-8,Available
26,Happy case.,Julie Wolfe,978-1-177-76514-5,Available
27,Clear movement street.,Jason Richmond,978-1-67190-674-7,Borrowed
28,Shake discussion.,Alexandra Carr,978-0-9749131-0-0,Available
29,Speak late note.,Steven Holden,978-0-00-797214-2,Available
30,I picture theory.,Scott Weaver,978-1-66199-096-1,Available
31,Real hair brother.,Lisa Taylor,978-0-942575-39-2,Available
32,Official sort reveal.,Kara Morgan,978-0-532-80906-7,Available
33,Sometimes cell.,Angela Guerrero,978-0-18-393021-9,Available
34,Product send.,Sarah Smith,978-1-4470-4724-7,Available
35,Door finish.,Gregory Thomas,978-1-956013-29-0,Available
36,Step past.,Paul Miranda,978-0-248-75983-0,Available
37,Newspaper responsibility.,Nicholas Leblanc,978-0-87955-746-1,Available
38,Five summer gun.,Joel Shepard,978-1-4117-4881-1,Available
39,Receive fire lawyer.,Nicole Riddle,978-0-05-829965-6,Available
40,Job land.,Katherine May,978-1-4900-2326-7,Available
41,Service responsibility.,Olivia Scott,978-0-341-75104-5,Available
42,Seem.,Adam Smith,978-1-05-956323-4,Available
43,Explain thus late.,Michelle Herrera,978-1-76317-686-7,Available
44,Their.,Ashley Bradley,978-0-334-34401-8,Available
45,Morning other none.,Jimmy Mack,978-0-902695-06-1,Available
46,Example operation.,Lawrence Crawford,978-1-110-96259-4,Available
47,In allow.,Cynthia Giles,978-1-955222-36-5,Available
48,Week college study seven.,Keith Farrell,978-1-398-09027-9,Available
49,Movie you us statement.,Scott Little,978-1-07-070977-2,Available
50,Career body want.,Douglas Brown,978-0-9705188-0-4,Available
51,Building.,Gary Scott,978-0-395-71978-7,Available
52,Together strong simple apply.,Madison Frost,978-0-11-254553-8,Available
53,Form at.,Diamond Dawson,978-1-82492-750-6,Available
54,Single hour.,Nathan Hensley,978-1-324-89514-5,Available
55,Operation grow most style.,Joseph Wheeler,978-0-00-168739-4,Available
56,Home head body.,John Scott,978-0-15-527254-5,Available
57,Challenge glass play.,Timothy Phillips,978-1-149-31601-6,Available
58,Car while seem.,Richard Berry,978-1-86749-352-5,Available
59,Difficult newspaper.,Cindy Brewer,978-0-8042-2506-9,Available
60,Yet compare cultural former.,Christine Rosario,978-1-68657-567-9,Available
61,Court move.,Joshua Rice,978-0-594-62374-8,Available
62,Any agency impact.,Joseph Mullins,978-0-7261-4519-3,Available
63,Become up player.,Jessica Jackson,978-1-267-82770-8,Available
64,Improve.,Nicole Hanson,978-1-78931-825-8,Available
65,Must nation one.,Emily Tucker,978-0-510-86221-3,Available
66,A they.,Teresa Osborne,978-1-947156-73-9,Available
67,Traditional enter card.,Christina Fleming,978-1-962916-00-4,Available
68,Up ground.,Jay Morrison,978-1-55874-914-6,Available
69,Action investment friend.,John Davis,978-0-88674-681-0,Available
70,Management concern.,Tracy Williamson,978-0-9771939-5-0,Available
71,Experience create six.,Andrew Curtis,978-0-429-37949-9,Available
72,Wait relationship.,Wendy Jones,978-0-644-06805-5,Available
73,Conference other.,Timothy Garcia,978-1-943771-22-6,Available
74,Cause.,Jenna Cooley,978-1-76024-609-9,Available
75,Physical ok.,Taylor Neal,978-0-299-57698-1,Available
76,Couple material hand.,Joshua Hall,978-0-06-172231-8,Available
77,Blood standard agree.,Emma Hunt,978-0-222-77223-7,Available
78,Knowledge career.,Kyle Valenzuela,978-1-65236-290-6,Available
79,Fine popular us.,Mr. Craig Mays,978-1-75881-462-0,Available
80,Where camera.,Jenny Lee,978-0-349-85994-1,Available
81,Most town make decision.,Deborah Olson,978-0-907233-74-9,Available
82,Cold skill.,Angelica Porter,978-1-9757-5563-8,Available
83,Particular today.,Charles Dominguez,978-1-79008-069-4,Available
84,Country represent itself.,Thomas Schultz,978-0-9986347-4-6,Available
85,Seem child might.,Lauren Stevens,978-1-916125-77-3,Available
86,Member risk blue.,Mr. Alex Holland,978-0-86991-452-6,Available
87,Crime.,Mark Aguirre,978-0-332-12012-6,Available
88,Plant artist.,Debra Barnes,978-1-60352-188-8,Available
89,Heart.,Shelby Banks,978-1-72812-067-6,Available
90,Sea glass improve.,Dawn Brady,978-0-230-30894-7,Available
91,Mind his decide.,Vanessa Davis,978-0-8350-5661-8,Available
92,Hard sometimes.,Alicia Baker MD,978-0-8310-4854-9,Available
93,Star.,Amber Browning,978-0-7457-2396-9,Available
94,Thank the.,Christina Wise,978-1-82672-920-7,Available
95,Glass writer so.,Angela Newton,978-0-593-29884-8,Available
96,Before water.,Crystal Jackson,978-0-314-60955-7,Available
97,Important recent.,Christopher Nelson,978-0-8243-0942-8,Available
98,Shake group.,Brian Davis,978-0-439-94097-9,Available
99,Hope goal.,John Smith,978-1-82193-635-8,Available
100,Left teach.,Sue Cooper,978-1-83762-201-6,Available
101,Although debate focus.,Drew Garcia,978-1-66840-772-1,Available
102,Team.,Donald Rivera,978-0-454-61891-4,Available
103,Buy the or.,Jennifer Williams,978-0-670-91015-1,Available
104,Themselves.,Jennifer Beard,978-0-415-03087-8,Available
105,Prepare chair.,Jennifer Griffin,978-0-911838-91-6,Available
106,After director.,Rebecca Chaney,978-1-4290-5064-7,Available
107,Dream long.,John Baker,978-1-05-860626-0,Available
108,Over.,Annette Cox,978-0-15-927066-0,Available
109,Debate.,Ryan Vance,978-1-55070-532-4,Available
110,Discussion kid tonight.,Shelly Moore,978-1-84987-724-4,Available
111,You these mission expert.,Karen Jones,978-0-532-02132-2,Available
112,Half own ok.,Charles Reyes,978-1-55924-439-8,Available
113,Sense successful goal.,Mrs. Rhonda Sanchez,978-1-273-41608-8,Available
114,Actually base.,Kristen Powers,978-1-02-318689-6,Available
115,Share above industry.,Austin Hebert,978-1-76932-949-6,Available
116,Book painting.,Lauren Hernandez,978-1-957775-32-6,Available
117,Politics central section.,Jessica Brooks,978-1-4573-8835-4,Available
118,Join let hair.,Jacqueline Barker,978-1-58989-965-0,Available
119,Difficult trade wide.,Claire Wood,978-0-18-573573-7,Available
120,Trouble who some.,Alexander Burns,978-1-225-57833-8,Available
121,Person share test.,Mr. Kevin Ortiz Jr.,978-0-643-60253-3,Available
122,Yard.,Darrell Harrington,978-0-221-25207-5,Available
123,Mouth quickly.,Jose Russell,978-0-8045-1154-4,Available
124,Political truth place.,John Conley,978-1-9789-4787-0,Available
125,Official official.,Miss Samantha Vega,978-0-19-550559-7,Available
126,Technology effect.,Daniel Garcia,978-1-959032-81-6,Available
127,Including mind.,Calvin Donaldson,978-0-387-29171-0,Available
128,Use long might.,Claudia Clark,978-1-57784-234-7,Available
129,Reduce amount many chair.,Luis Mccarty,978-0-322-35947-5,Available
130,Event because.,Danielle Fernandez,978-0-697-88445-9,Available
131,Others night.,Dawn Young,978-1-214-60662-2,Available
132,Find social.,Kevin Finley,978-0-14-899754-7,Available
133,Military administration.,Teresa Walker,978-1-5005-2832-4,Available
134,Often religious name.,Monique Thornton,978-0-638-25852-3,Available
135,End though program.,Theresa Moses,978-1-4079-8770-5,Available
136,Blue everybody arm.,Chris James,978-0-216-83428-6,Available
137,Parent design pressure.,Nicholas Foster,978-0-08-428470-1,Available
138,Two alone late.,Victor Hall,978-0-936245-24-9,Available
139,Too defense.,Lisa Arnold,978-0-8055-7108-0,Available
140,After necessary source.,Haley Spencer,978-1-4654-4633-6,Available
141,By computer.,Marilyn Marks,978-0-00-996960-7,Available
142,Through move money.,David Hanson,978-0-7935-5852-0,Available
143,Box play.,Jessica Byrd,978-0-89875-958-7,Available
144,Experience bit thought brother.,Carla Martin,978-0-221-11876-0,Available
145,Executive image.,Sara Morris,978-1-04-226742-2,Available
146,The center.,Michael Crawford,978-0-257-29754-5,Available
147,Know admit budget.,Jessica Patterson,978-0-471-66283-9,Available
148,Guess forget.,Kathleen Shelton,978-0-698-02185-3,Available
149,Successful carry training.,Daniel Rangel,978-1-5179-0278-0,Available
150,Method rise case page.,Joseph Pierce,978-0-287-43876-5,Available
151,Admit traditional as.,Hannah Pham,978-0-579-79204-9,Available
152,Soon debate.,Samantha Howard,978-1-891327-34-6,Available
153,Will especially.,Sharon Collier,978-1-360-17413-6,Available
154,Doctor bill important.,William Dunn,978-0-12-266381-9,Available
155,During wonder.,Zoe Johnson,978-1-69788-756-3,Available
156,Begin affect.,Sue Patel,978-1-4939-9428-1,Available
157,Specific director.,Edward Hawkins,978-1-929781-75-1,Available
158,Dinner different yourself.,Timothy Brown,978-0-12-148342-5,Available
159,Career in collection.,Katherine Grant,978-0-550-36387-9,Available
160,Reveal partner treat.,James Kennedy,978-0-7255-4923-7,Available
161,Agency cover present.,Robert Hamilton,978-0-7657-6795-0,Available
162,Should.,Carla Lee,978-1-905762-06-4,Available
163,Keep shoulder method.,Katrina Lane,978-0-222-38846-9,Available
164,Concern million they.,Anthony Howard,978-0-388-87443-1,Available
165,Stage current future.,Peter Davis,978-0-651-58728-0,Available
166,International seek.,Tony Powell,978-0-593-20465-8,Available
167,Test environmental government.,Nicole Arroyo,978-0-10-945416-4,Available
168,Ever least.,Jack Gregory,978-0-532-23464-7,Available
169,Report director resource.,Christina Owens,978-1-956054-69-9,Available
170,Wait human.,Kimberly Rasmussen,978-0-237-60915-3,Available
171,Exist view five.,Jill Trujillo,978-0-8365-6826-4,Available
172,Risk card down.,Christine Perez,978-1-04-082536-5,Available
173,Southern shake itself.,Amanda Pitts,978-1-176-41276-7,Available
174,Physical director.,Kathleen Hernandez,978-0-15-429953-6,Available
175,Happen particularly show.,Kathryn Carter,978-1-78473-351-3,Available
176,Leg candidate second.,Mrs. Kristen Vaughan,978-1-5256-5086-4,Available
177,Card water never.,Richard Phillips,978-1-62598-126-4,Available
178,Option north.,Rebecca Price,978-1-84609-669-3,Available
179,Issue behind surface boy.,Shawn Young,978-1-63154-155-1,Available
180,Week buy successful.,Maria Key,978-1-81466-897-6,Available
181,Him perform school.,Amanda Carr,978-1-4488-7886-4,Available
182,I nature I.,John Terry,978-0-7563-6051-1,Available
183,Particularly near writer successful.,Glenn Howard,978-1-9847-2108-2,Available
184,Series heart.,Christina Wilson,978-0-200-00677-4,Available
185,Both before direction.,Donald Henderson,978-1-05-931022-7,Available
186,Behavior option.,Matthew Jones,978-0-229-99529-5,Available
187,Represent.,Tammy Stevenson,978-0-09-397405-1,Available
188,Military himself on.,Hunter Norman,978-0-87974-125-9,Available
189,Myself throughout.,Kurt Hill,978-1-967673-26-1,Available
190,Deep heart upon million.,Daniel Jackson,978-1-196-56087-5,Available
191,The near color.,Rebecca Steele,978-1-69241-190-9,Available
192,Seven price.,Ann Moore,978-1-5340-9772-8,Available
193,Strategy this.,Timothy Gilbert,978-1-938193-68-2,Available
194,Few despite you.,William Rocha,978-1-289-27516-7,Available
195,Right usually prevent itself.,Tyler Shaw,978-1-07-686619-6,Available
196,Reality nothing direction.,Jimmy Scott,978-1-5092-1307-8,Available
197,Author Mrs.,Timothy Gutierrez,978-0-220-31010-3,Available
198,Best weight.,Jason Vargas,978-1-882122-96-7,Available
199,Us just.,Crystal Mathews,978-0-697-25662-1,Available
200,North specific compare take.,John Donovan,978-1-4919-3137-0,Available
201,Might teacher.,Jenny Yoder,978-1-08-834716-4,Available
202,Team ten protect class.,Christopher Williams,978-0-382-99659-7,Available
203,Gun he just.,Eric Anthony,978-0-598-71366-7,Available
204,Live half.,Lori Jimenez,978-1-57393-431-2,Available
205,Art evening test.,Brenda Perez,978-1-356-17127-9,Available
206,Pick gas head.,Haley Williams,978-1-326-74717-6,Available
207,Center there.,Michelle Davis,978-1-368-12742-4,Available
208,Service agree.,Christopher Glenn,978-0-347-95931-5,Available
209,Deep us.,Krystal Larsen,978-1-79567-291-7,Available
210,Organization imagine.,Patrick Leonard,978-0-245-78273-2,Available
211,Law sort customer.,Cynthia Reynolds,978-0-514-06833-8,Available
212,Miss world.,Destiny Brown,978-0-301-68466-6,Available
213,School history technology.,Amber Smith,978-0-601-33352-3,Available
214,Themselves fast class.,Anthony Archer,978-0-942338-39-3,Available
215,Military not.,Aaron Ryan,978-0-509-70582-8,Available
216,Suggest small.,Lindsay Porter,978-1-83947-205-3,Available
217,Factor never.,Richard James,978-0-14-803487-7,Available
218,Pass financial.,Shannon Johnson,978-0-8447-5451-2,Available
219,Though.,Christina Wright,978-1-149-10190-2,Available
220,None including campaign.,Adam Smith,978-1-900178-20-4,Available
221,Business impact challenge.,Raymond Morales,978-0-318-00216-3,Available
222,Term.,Suzanne Bishop,978-0-341-08768-7,Available
223,Respond five.,Lawrence Green,978-0-7873-6310-9,Available
224,Partner.,Leslie Fletcher,978-0-910179-84-3,Available
225,Common phone small.,Patricia Mcfarland,978-1-5281-7644-6,Available
226,Summer.,Michael Welch,978-0-358-35349-2,Available
227,Home firm.,Laura Gomez,978-0-03-529903-7,Available
228,Compare too seek.,Sara Howard,978-1-174-34102-1,Available
229,Color party less.,Donna Dunn,978-0-659-25026-1,Available
230,None.,David Hudson,978-0-439-45084-3,Available
231,Draw protect his.,Stephen Rivers,978-1-871083-63-7,Available
232,Many culture discuss.,Tamara Cook,978-1-62001-202-4,Available
233,Grow performance sport.,Douglas Rodriguez,978-1-110-03451-2,Available
234,Everybody within.,Carolyn Spencer,978-0-00-297269-7,Available
235,Event indeed.,Mario Henderson,978-0-265-76046-8,Available
236,Be remember hope.,Melissa Baker,978-1-996362-89-1,Available
237,Work beautiful.,Connie Davis,978-0-678-26109-5,Available
238,Its ball.,Douglas George,978-1-67974-722-9,Available
239,Company cell box.,James Daniels,978-1-272-16355-6,Available
240,Stuff while writer.,Gail Simpson,978-0-12-767778-1,Available
241,People rich up.,Anna Martinez,978-1-64534-275-5,Available
242,Tell person.,Robert Barnes,978-1-5108-9865-3,Available
243,Mind bank.,Sandra Ibarra,978-0-05-970593-4,Available
244,Talk even increase.,Amanda Wells,978-1-212-73801-1,Available
245,Person girl serve.,Edward Wells,978-1-4059-0142-0,Available
246,Discussion available.,Mr. Stephen Jennings,978-1-4699-3567-6,Available
247,Word she moment.,Paul Hernandez,978-0-250-98029-1,Available
248,No him.,Scott Miranda,978-1-4178-6034-0,Available
249,Vote politics understand.,Tina Hernandez,978-1-4673-9978-4,Available
250,You north.,Rachel Smith,978-1-375-98391-4,Available
251,Deal anything else.,Crystal Mahoney,978-0-89607-119-3,Available
252,Help no director though.,Christina Rivera,978-1-961969-50-6,Available
253,Concern analysis morning.,Michele Dyer,978-0-516-40786-9,Available
254,Source join.,Aaron Wise,978-0-9870295-0-8,Available
255,Peace much fact anyone.,Cynthia Smith,978-1-4542-3763-1,Available
256,Second understand total.,Cassandra Hughes,978-0-219-10423-2,Available
257,Music night lay.,James Coleman,978-1-5183-1952-5,Available
258,Enter almost available.,Kenneth Dawson,978-1-4831-0937-4,Available
259,Professor summer.,Catherine Barrett,978-0-614-58189-8,Available
260,Blue himself.,James Carter,978-1-56691-207-5,Available
261,Them money task.,Ryan Pearson,978-0-367-60218-5,Available
262,Condition event.,Anne Caldwell,978-0-592-69620-1,Available
263,Prepare before fine.,Amy Johnson,978-1-55674-946-9,Available
264,Beautiful themselves two car.,Tina Lewis,978-1-72132-058-5,Available
265,Hit nature seem.,Mary Francis,978-1-84220-249-4,Available
266,Hot baby trade.,Gina Johnson,978-0-8239-2525-4,Available
267,Remember floor lose.,Harold Brown,978-1-291-86096-2,Available
268,Campaign after.,Jessica Brown,978-0-563-60365-8,Available
269,See.,Danielle Rodriguez,978-1-55414-871-4,Available
270,Skin investment risk.,Jacob Brown,978-0-596-25413-1,Available
271,Community quality.,James Morris,978-1-66938-397-0,Available
272,Past usually.,Lindsay Castro,978-1-64243-942-7,Available
273,Good.,Cameron Sanders,978-0-10-241420-2,Available
274,Decade office.,Matthew Butler,978-1-4885-8907-2,Available
275,Lawyer think.,Steven Perry,978-0-01-054453-4,Available
276,Fire his.,Julia Solomon,978-0-290-85276-3,Available
277,About concern TV.,William Cook,978-0-365-56529-1,Available
278,Possible impact region several.,Gerald Ross,978-0-651-85486-3,Available
279,Hair whole.,Mrs. Jessica Brown,978-1-255-61660-4,Available
280,Person page.,Hannah Ortiz,978-0-9771097-4-6,Available
281,Check campaign win.,Lori Baker,978-0-00-550975-3,Available
282,Industry happy.,Kathryn Moore,978-0-359-28198-5,Available
283,Themselves everybody.,Joann Bryant,978-1-992171-99-2,Available
284,Season reason change.,Lauren Herrera,978-0-694-63456-9,Available
285,Thousand open benefit.,Erin Hill,978-1-59596-795-4,Available
286,Heavy number.,Samantha Cisneros,978-1-124-91698-9,Available
287,Just teach huge.,Linda Ochoa,978-0-07-280878-0,Available
288,Hold test.,Carol Thompson,978-1-153-53782-7,Available
289,About certain age.,Brandon Jones,978-1-211-99404-3,Available
290,Exist.,Ryan Guzman,978-1-322-45556-3,Available
291,Image power show.,Frederick Davis,978-1-69914-028-4,Available
292,Attention design.,Melissa Day,978-0-366-09265-9,Available
293,Resource ahead court.,Shaun Schultz,978-1-08-278554-2,Available
294,Prepare grow indeed.,Jason Pearson,978-1-134-92259-8,Available
295,Such study eye.,Tony Taylor,978-1-70130-540-3,Available
296,Wind sense common.,Allison Austin,978-1-61641-740-6,Available
297,What politics remain.,Jason Neal,978-1-938442-31-5,Available
298,Safe bad skin.,Lisa Miller,978-0-347-34170-7,Available
299,Race current door leg.,Lucas West,978-1-377-13972-2,Available
300,Source million car.,Jordan Schmitt,978-1-02-965909-7,Available
301,Water buy use.,Gregory Watkins,978-1-248-21619-4,Available
302,Personal available.,Suzanne Cook,978-1-196-73167-1,Available
303,Use reduce.,Janet Ruiz,978-1-305-65994-0,Available
304,Author simple.,Heather Stevens,978-0-469-20720-2,Available
305,Nice way country family.,Edward Lee,978-1-103-68770-1,Available
306,Beat.,James Smith,978-0-7738-4484-1,Available
307,Money training issue.,William Jones,978-0-636-54049-1,Available
308,Outside former item.,Robert Pacheco,978-1-70727-773-5,Available
309,Difficult human.,Caroline Brewer,978-0-215-81962-8,Available
310,These.,George Drake,978-1-4026-3876-3,Available
311,Player important.,Rebecca Myers,978-0-646-22684-2,Available
312,Understand each court.,Raymond Walsh,978-0-263-43784-3,Available
313,Car anything.,April Jordan,978-1-5238-6156-9,Available
314,South soldier exist he.,Jenna Little,978-0-9708909-6-2,Available
315,Threat table magazine.,Karen Mitchell,978-1-132-44491-7,Available
316,Your Democrat.,Tammy Simmons,978-0-691-11267-1,Available
317,Allow enough.,Robert Perez,978-0-244-05214-0,Available
318,Expert shoulder place.,Janice Thomas,978-0-12-374353-4,Available
319,Every price.,Jill Kennedy,978-0-8200-9473-1,Available
320,Fish rich house.,Daniel Porter,978-1-875548-39-2,Available
321,Beat.,Daniel Young,978-0-308-34958-2,Available
322,Second particularly citizen.,Mark Warner,978-0-573-57467-2,Available
323,Hand help concern.,Ryan Anderson,978-1-365-43329-0,Available
324,Good home series.,Kristin Sandoval,978-1-57173-263-7,Available
325,No rule trial only.,Ricky Jackson,978-0-7014-2047-5,Available
326,Process impact raise.,Jim Powell,978-1-5356-0916-6,Available
327,Door lay bed.,Robert Martin,978-1-306-13822-2,Available
328,Mind evidence.,Theresa Daniels,978-0-301-71062-4,Available
329,Reason analysis.,Stephanie Williams,978-1-368-35666-4,Available
330,With create tree speech.,Krista Williams,978-1-04-470765-0,Available
331,Million believe soldier.,Michele Lewis,978-1-80728-212-7,Available
332,Some sign business.,Harry Dennis,978-1-123-55133-4,Available
333,Front analysis hundred.,Jasmine Shelton,978-1-72305-084-8,Available
334,Result hair bring.,Stephen Moran PhD,978-0-371-93048-9,Available
335,Visit paper.,Elizabeth Carrillo,978-1-5183-1366-0,Available
336,More goal guess service.,Amanda Mcdonald,978-0-662-98357-6,Available
337,Look cup.,Kristina Davis,978-1-5264-4262-8,Available
338,Operation score.,Taylor Thomas,978-1-120-72633-9,Available
339,Dark address too.,Pamela Kelly,978-1-5140-1444-8,Available
340,Reduce toward bring.,Lisa Watts,978-1-5255-5354-7,Available
341,Law standard.,Natalie Allen,978-1-4150-4385-1,Available
342,Trouble early.,Gary Roberts,978-0-8400-5975-8,Available
343,Brother run see develop.,Michael Gonzales,978-0-04-722160-6,Available
344,Artist western.,Sandra White,978-0-252-10627-9,Available
345,Fine result crime.,Terry Davis,978-1-275-77166-6,Available
346,Market move.,Nicole Hicks,978-0-420-69547-5,Available
347,Professional impact.,Richard Evans,978-0-636-26271-3,Available
348,Lot detail.,Rebecca Vasquez,978-0-680-71271-4,Available
349,Girl new cause.,Savannah Scott,978-0-88733-058-2,Available
350,Knowledge guess.,Meghan Thompson,978-0-04-807768-4,Available
351,Use enter.,Hannah King,978-0-16-355361-2,Available
352,State church.,Ronald Burns,978-0-03-396997-0,Available
353,Each have.,Jessica Kim,978-0-492-07261-7,Available
354,Meeting even.,Jody Goodwin,978-0-8016-2746-0,Available
355,Discuss plant heart add.,Theresa Richardson,978-0-9658754-7-9,Available
356,Fly how own.,Christina Jenkins,978-0-602-96217-3,Available
357,Building marriage.,Ronald Morris,978-1-78657-532-6,Available
358,Point between gun.,Anita Miller,978-0-561-17790-8,Available
359,Trade network.,Elizabeth Diaz,978-1-61924-423-8,Available
360,Short return little on.,David Dennis,978-0-248-04506-3,Available
361,Provide tonight opportunity.,Erik Rodriguez,978-1-07-700970-7,Available
362,Ground character.,Betty Malone,978-0-12-125476-6,Available
363,Actually study.,Mrs. Jamie Jackson,978-0-607-64969-7,Available
364,Institution yard until.,Lisa Cole,978-1-82703-651-9,Available
365,Want risk.,Dale Wright,978-0-14-617565-7,Available
366,International worry.,Jessica Morales,978-0-596-03505-1,Available
367,Recent medical.,Daniel Reese,978-0-688-13579-9,Available
368,Reality concern.,Terri Lee,978-1-947773-22-6,Available
369,Good many.,Joel Dean,978-1-01-516345-4,Available
370,Join fall employee want.,James Richard,978-1-151-65584-4,Available
371,Part direction.,Susan Jones,978-0-371-31337-4,Available
372,Garden strong know base.,Brittany Mitchell,978-1-397-65833-3,Available
373,Hospital relationship range measure.,Allison Roberts,978-0-933279-32-2,Available
374,Staff herself memory red.,Amy Smith,978-1-927688-63-2,Available
375,Audience evening.,John Hayes,978-0-9608663-0-4,Available
376,Piece.,Samantha Garcia DDS,978-0-7163-5183-2,Available
377,Dinner likely.,Brittany Hampton,978-1-322-16809-8,Available
378,Accept.,Todd Miles,978-1-9754-5998-7,Available
379,Agreement none.,Sandra Evans,978-0-933580-39-8,Available
380,Long reach.,Jason White,978-0-295-85018-4,Available
381,North.,Russell Avila,978-1-232-93937-5,Available
382,Economic mouth.,Deborah Higgins,978-0-496-60229-2,Available
383,Business them treat.,Lisa Small,978-1-229-24791-9,Available
384,According ground hospital.,James Garcia,978-1-69524-753-6,Available
385,Administration stand management.,Jacob Heath,978-1-357-28378-0,Available
386,Week list.,Frank Thompson,978-0-13-948951-8,Available
387,Yet military.,Jason Mitchell,978-1-03-438625-4,Available
388,Consider score.,John King,978-0-19-305607-7,Available
389,Suffer animal themselves.,Ms. Erin Newman,978-1-7366836-6-8,Available
390,Identify focus.,April Madden,978-1-379-03178-9,Available
391,North cup.,Leslie Johnson,978-1-317-23726-6,Available
392,Network.,Aaron Padilla,978-0-948502-37-8,Available
393,Along perhaps card.,Brandon Macias,978-1-57463-378-8,Available
394,Project.,Eric Marshall,978-0-647-50501-4,Available
395,Here view.,Dr. Jeff Baker,978-0-921446-69-9,Available
396,First improve fact.,Cody Mccoy,978-0-12-109262-7,Available
397,Clearly strong value.,Rachel Torres,978-0-7983-8528-2,Available
398,Song wish.,Sharon Hatfield,978-0-7370-5323-4,Available
399,His vote modern.,Dr. Rebecca Graves,978-1-919301-17-4,Available
400,True whole cell big.,Becky Garcia,978-0-348-82918-1,Available
401,Dream shake find street.,Brandi Mclaughlin,978-1-4869-9679-7,Available
402,Notice field.,Crystal Lopez,978-1-60485-535-7,Available
403,Stuff second.,Brenda Smith,978-0-8183-5625-4,Available
404,Buy cold.,Stephen Thomas,978-1-923987-35-7,Available
405,Indicate red.,Brianna Stafford,978-1-4660-8731-6,Available
406,Cut deep there about.,Catherine Gonzales,978-0-89038-621-7,Available
407,Heavy save.,Zachary Newton,978-1-82767-651-7,Available
408,Create include color.,Leslie Hughes,978-0-901024-54-1,Available
409,Determine finally land.,Yvette Bennett,978-0-88433-384-5,Available
410,Wall result room.,Kevin Thomas,978-0-293-87874-6,Available
411,Election actually.,Madeline Romero,978-1-913472-68-9,Available
412,Off large couple.,Timothy Kidd,978-0-9692113-4-1,Available
413,Everyone situation measure.,Elizabeth Blair,978-1-176-92504-5,Available
414,Age travel upon.,Michael Jones,978-0-930070-90-8,Available
415,Million leg pull.,Stanley Fleming,978-0-566-55058-4,Available
416,Forget class.,Noah Beasley,978-0-671-04374-2,Available
417,Store address.,Miss Maria Norris,978-1-134-27313-3,Available
418,Meeting how ever.,Danielle Sullivan,978-1-4805-4237-2,Available
419,Rock high trouble day.,Sergio Hughes,978-0-528-90319-9,Available
420,Collection tell.,Thomas Murray,978-0-18-292415-8,Available
421,Throughout sea American.,Peter Jones,978-0-9756327-3-4,Available
422,Camera better long.,Earl Bright,978-1-385-50589-2,Available
423,Month a visit near.,Joshua Salazar,978-1-9769-1609-0,Available
424,He likely.,Gary Wells,978-0-584-85577-7,Available
425,Ever.,Eric Fuller,978-1-157-32125-5,Available
426,Reason trouble least.,Barry Peters III,978-1-67535-455-1,Available
427,Wall beautiful.,John Bernard,978-1-58096-792-1,Available
428,Surface news treatment.,Mark Williams,978-1-309-77459-5,Available
429,Sister soon pick.,Dwayne Wilson,978-0-519-50222-6,Available
430,Want important state why.,Jonathan Valenzuela,978-1-308-40427-1,Available
431,I consider.,Charles Wallace MD,978-1-137-17525-0,Available
432,Shake to behavior.,Brian Hunt,978-0-11-425442-1,Available
433,Right research record.,Richard Harper,978-0-87342-222-2,Available
434,Professor.,Rebecca Garcia,978-1-68500-286-2,Available
435,Bring around future.,Joshua Mcclain,978-0-541-29538-7,Available
436,Media physical material.,Linda Cruz,978-0-260-71580-7,Available
437,Gun trial.,Mary Miller,978-1-304-67450-0,Available
438,White population accept.,Christopher Spencer,978-1-118-96868-0,Available
439,Gun color.,Jay Newton,978-0-19-156148-1,Available
440,Exist mind.,Amy Crane,978-0-15-791866-3,Available
441,But support season.,Michael Wyatt,978-0-644-21837-5,Available
442,Beat girl join.,Michelle Greene,978-0-356-56603-0,Available
443,Look go.,Matthew Prince,978-0-85341-397-4,Available
444,Say.,Michael Whitney,978-0-595-92387-8,Available
445,Fish seat.,David Garcia,978-1-110-75167-9,Available
446,Build myself might sound.,Robert Nguyen,978-0-517-55751-8,Available
