BookID,Title,Author,ISBN,Availability
1,Test lawyer itself.,William Hale,978-0-9904174-7-7,Available
2,Trip catch.,Erin Dillon,978-1-942185-85-7,Borrowed
3,Finish really.,Chris Obrien,978-1-76534-248-2,Available
4,Not usually surface.,Leslie Parker,978-0-917544-42-2,Borrowed
5,Authority police.,Brandon Mcbride,978-0-88474-343-9,Available
6,May too whether.,Lucas Mcguire,978-1-04-430339-5,Available
7,Court finish hundred.,Jonathan Smith,978-1-933140-04-9,Borrowed
8,Best.,Eric Robertson,978-0-08-953886-1,Available
9,Onto still.,Kent Chan,978-1-4396-4375-4,Borrowed
10,Chair staff.,Rachel Lopez,978-0-496-54098-3,Available
11,Send fact service.,Kim Brown,978-1-922913-94-4,Borrowed
12,Career you building agent.,Tammy Thomas,978-1-214-85906-6,Borrowed
13,Sound wall through like.,Robert Butler Jr.,978-0-01-298416-1,Borrowed
14,Few especially other discussion.,Steven Spencer,978-0-541-86069-1,Available
15,Prepare game.,Carlos Gillespie,978-1-327-84766-0,Available
16,Necessary computer.,Christian Hale,978-1-57853-395-4,Available
17,Education mission important.,Brandon Mitchell,978-0-283-52892-7,Available
18,Themselves growth.,Kimberly Taylor,978-1-161-10362-5,Borrowed
19,Sport marriage.,Nicholas Perez,978-0-9975492-2-5,Borrowed
20,Have cultural drug.,Jennifer Curtis,978-1-07-901384-9,Available
21,Once office against.,Jennifer Steele,978-1-391-91183-0,Borrowed
22,Decision bit certainly.,Linda Hickman,978-0-04-457839-0,Available
23,Read check rather.,Steven Raymond,978-0-409-69183-2,Available
24,Light meeting table.,Nathan Barker,978-0-207-90084-6,Borrowed
25,Good collection identify.,Stephanie Rodriguez,978-1-360-02895-8,Available
26,Happy case.,Julie Wolfe,978-1-177-76514-5,Available
27,Clear movement street.,Jason Richmond,978-1-67190-674-7,Borrowed
28,Shake discussion.,Alexandra Carr,978-0-9749131-0-0,Available
29,Speak late note.,Steven Holden,978-0-00-797214-2,Available
30,I picture theory.,Scott Weaver,978-1-66199-096-1,Available
31,Real hair brother.,Lisa Taylor,978-0-942575-39-2,Borrowed
32,Official sort reveal.,Kara Morgan,978-0-532-80906-7,Borrowed
33,Sometimes cell.,Angela Guerrero,978-0-18-393021-9,Borrowed
34,Product send.,Sarah Smith,978-1-4470-4724-7,Available
35,Door finish.,Gregory Thomas,978-1-956013-29-0,Borrowed
36,Step past.,Paul Miranda,978-0-248-75983-0,Borrowed
37,Newspaper responsibility.,Nicholas Leblanc,978-0-87955-746-1,Available
38,Five summer gun.,Joel Shepard,978-1-4117-4881-1,Available
39,Receive fire lawyer.,Nicole Riddle,978-0-05-829965-6,Available
40,Job land.,Katherine May,978-1-4900-2326-7,Available
41,Service responsibility.,Olivia Scott,978-0-341-75104-5,Available
42,Seem.,Adam Smith,978-1-05-956323-4,Borrowed
43,Explain thus late.,Michelle Herrera,978-1-76317-686-7,Available
44,Their.,Ashley Bradley,978-0-334-34401-8,Borrowed
45,Morning other none.,Jimmy Mack,978-0-902695-06-1,Available
46,Example operation.,Lawrence Crawford,978-1-110-96259-4,Available
47,In allow.,Cynthia Giles,978-1-955222-36-5,Borrowed
48,Week college study seven.,Keith Farrell,978-1-398-09027-9,Borrowed
49,Movie you us statement.,Scott Little,978-1-07-070977-2,Available
50,Career body want.,Douglas Brown,978-0-9705188-0-4,Available
51,Building.,Gary Scott,978-0-395-71978-7,Borrowed
52,Together strong simple apply.,Madison Frost,978-0-11-254553-8,Borrowed
53,Form at.,Diamond Dawson,978-1-82492-750-6,Borrowed
54,Single hour.,Nathan Hensley,978-1-324-89514-5,Borrowed
55,Operation grow most style.,Joseph Wheeler,978-0-00-168739-4,Available
56,Home head body.,John Scott,978-0-15-527254-5,Borrowed
57,Challenge glass play.,Timothy Phillips,978-1-149-31601-6,Borrowed
58,Car while seem.,Richard Berry,978-1-86749-352-5,Available
59,Difficult newspaper.,Cindy Brewer,978-0-8042-2506-9,Borrowed
60,Yet compare cultural former.,Christine Rosario,978-1-68657-567-9,Available
61,Court move.,Joshua Rice,978-0-594-62374-8,Borrowed
62,Any agency impact.,Joseph Mullins,978-0-7261-4519-3,Available
63,Become up player.,Jessica Jackson,978-1-267-82770-8,Available
64,Improve.,Nicole Hanson,978-1-78931-825-8,Borrowed
65,Must nation one.,Emily Tucker,978-0-510-86221-3,Borrowed
66,A they.,Teresa Osborne,978-1-947156-73-9,Available
67,Traditional enter card.,Christina Fleming,978-1-962916-00-4,Borrowed
68,Up ground.,Jay Morrison,978-1-55874-914-6,Available
69,Action investment friend.,John Davis,978-0-88674-681-0,Borrowed
70,Management concern.,Tracy Williamson,978-0-9771939-5-0,Available
71,Experience create six.,Andrew Curtis,978-0-429-37949-9,Borrowed
72,Wait relationship.,Wendy Jones,978-0-644-06805-5,Available
73,Conference other.,Timothy Garcia,978-1-943771-22-6,Available
74,Cause.,Jenna Cooley,978-1-76024-609-9,Borrowed
75,Physical ok.,Taylor Neal,978-0-299-57698-1,Available
76,Couple material hand.,Joshua Hall,978-0-06-172231-8,Borrowed
77,Blood standard agree.,Emma Hunt,978-0-222-77223-7,Borrowed
78,Knowledge career.,Kyle Valenzuela,978-1-65236-290-6,Borrowed
79,Fine popular us.,Mr. Craig Mays,978-1-75881-462-0,Available
80,Where camera.,Jenny Lee,978-0-349-85994-1,Borrowed
81,Most town make decision.,Deborah Olson,978-0-907233-74-9,Borrowed
82,Cold skill.,Angelica Porter,978-1-9757-5563-8,Available
83,Particular today.,Charles Dominguez,978-1-79008-069-4,Available
84,Country represent itself.,Thomas Schultz,978-0-9986347-4-6,Available
85,Seem child might.,Lauren Stevens,978-1-916125-77-3,Available
86,Member risk blue.,Mr. Alex Holland,978-0-86991-452-6,Available
87,Crime.,Mark Aguirre,978-0-332-12012-6,Available
88,Plant artist.,Debra Barnes,978-1-60352-188-8,Borrowed
89,Heart.,Shelby Banks,978-1-72812-067-6,Available
90,Sea glass improve.,Dawn Brady,978-0-230-30894-7,Borrowed
91,Mind his decide.,Vanessa Davis,978-0-8350-5661-8,Borrowed
92,Hard sometimes.,Alicia Baker MD,978-0-8310-4854-9,Available
93,Star.,Amber Browning,978-0-7457-2396-9,Borrowed
94,Thank the.,Christina Wise,978-1-82672-920-7,Borrowed
95,Glass writer so.,Angela Newton,978-0-593-29884-8,Borrowed
96,Before water.,Crystal Jackson,978-0-314-60955-7,Available
97,Important recent.,Christopher Nelson,978-0-8243-0942-8,Available
98,Shake group.,Brian Davis,978-0-439-94097-9,Borrowed
99,Hope goal.,John Smith,978-1-82193-635-8,Available
100,Left teach.,Sue Cooper,978-1-83762-201-6,Available
101,Although debate focus.,Drew Garcia,978-1-66840-772-1,Borrowed
102,Team.,Donald Rivera,978-0-454-61891-4,Borrowed
103,Buy the or.,Jennifer Williams,978-0-670-91015-1,Borrowed
104,Themselves.,Jennifer Beard,978-0-415-03087-8,Borrowed
105,Prepare chair.,Jennifer Griffin,978-0-911838-91-6,Borrowed
106,After director.,Rebecca Chaney,978-1-4290-5064-7,Available
107,Dream long.,John Baker,978-1-05-860626-0,Borrowed
108,Over.,Annette Cox,978-0-15-927066-0,Available
109,Debate.,Ryan Vance,978-1-55070-532-4,Borrowed
110,Discussion kid tonight.,Shelly Moore,978-1-84987-724-4,Borrowed
111,You these mission expert.,Karen Jones,978-0-532-02132-2,Borrowed
112,Half own ok.,Charles Reyes,978-1-55924-439-8,Available
113,Sense successful goal.,Mrs. Rhonda Sanchez,978-1-273-41608-8,Available
114,Actually base.,Kristen Powers,978-1-02-318689-6,Available
115,Share above industry.,Austin Hebert,978-1-76932-949-6,Borrowed
116,Book painting.,Lauren Hernandez,978-1-957775-32-6,Borrowed
117,Politics central section.,Jessica Brooks,978-1-4573-8835-4,Available
118,Join let hair.,Jacqueline Barker,978-1-58989-965-0,Available
119,Difficult trade wide.,Claire Wood,978-0-18-573573-7,Available
120,Trouble who some.,Alexander Burns,978-1-225-57833-8,Available
121,Person share test.,Mr. Kevin Ortiz Jr.,978-0-643-60253-3,Available
122,Yard.,Darrell Harrington,978-0-221-25207-5,Borrowed
123,Mouth quickly.,Jose Russell,978-0-8045-1154-4,Available
124,Political truth place.,John Conley,978-1-9789-4787-0,Borrowed
125,Official official.,Miss Samantha Vega,978-0-19-550559-7,Borrowed
126,Technology effect.,Daniel Garcia,978-1-959032-81-6,Available
127,Including mind.,Calvin Donaldson,978-0-387-29171-0,Borrowed
128,Use long might.,Claudia Clark,978-1-57784-234-7,Borrowed
129,Reduce amount many chair.,Luis Mccarty,978-0-322-35947-5,Available
130,Event because.,Danielle Fernandez,978-0-697-88445-9,Borrowed
131,Others night.,Dawn Young,978-1-214-60662-2,Borrowed
132,Find social.,Kevin Finley,978-0-14-899754-7,Available
133,Military administration.,Teresa Walker,978-1-5005-2832-4,Borrowed
134,Often religious name.,Monique Thornton,978-0-638-25852-3,Borrowed
135,End though program.,Theresa Moses,978-1-4079-8770-5,Borrowed
136,Blue everybody arm.,Chris James,978-0-216-83428-6,Borrowed
137,Parent design pressure.,Nicholas Foster,978-0-08-428470-1,Available
138,Two alone late.,Victor Hall,978-0-936245-24-9,Available
139,Too defense.,Lisa Arnold,978-0-8055-7108-0,Available
140,After necessary source.,Haley Spencer,978-1-4654-4633-6,Borrowed
141,By computer.,Marilyn Marks,978-0-00-996960-7,Borrowed
142,Through move money.,David Hanson,978-0-7935-5852-0,Available
143,Box play.,Jessica Byrd,978-0-89875-958-7,Borrowed
144,Experience bit thought brother.,Carla Martin,978-0-221-11876-0,Available
145,Executive image.,Sara Morris,978-1-04-226742-2,Available
146,The center.,Michael Crawford,978-0-257-29754-5,Borrowed
147,Know admit budget.,Jessica Patterson,978-0-471-66283-9,Available
148,Guess forget.,Kathleen Shelton,978-0-698-02185-3,Borrowed
149,Successful carry training.,Daniel Rangel,978-1-5179-0278-0,Borrowed
150,Method rise case page.,Joseph Pierce,978-0-287-43876-5,Available
151,Admit traditional as.,Hannah Pham,978-0-579-79204-9,Borrowed
152,Soon debate.,Samantha Howard,978-1-891327-34-6,Available
153,Will especially.,Sharon Collier,978-1-360-17413-6,Borrowed
154,Doctor bill important.,William Dunn,978-0-12-266381-9,Available
155,During wonder.,Zoe Johnson,978-1-69788-756-3,Borrowed
156,Begin affect.,Sue Patel,978-1-4939-9428-1,Borrowed
157,Specific director.,Edward Hawkins,978-1-929781-75-1,Borrowed
158,Dinner different yourself.,Timothy Brown,978-0-12-148342-5,Available
159,Career in collection.,Katherine Grant,978-0-550-36387-9,Borrowed
160,Reveal partner treat.,James Kennedy,978-0-7255-4923-7,Available
161,Agency cover present.,Robert Hamilton,978-0-7657-6795-0,Available
162,Should.,Carla Lee,978-1-905762-06-4,Borrowed
163,Keep shoulder method.,Katrina Lane,978-0-222-38846-9,Borrowed
164,Concern million they.,Anthony Howard,978-0-388-87443-1,Borrowed
165,Stage current future.,Peter Davis,978-0-651-58728-0,Available
166,International seek.,Tony Powell,978-0-593-20465-8,Available
167,Test environmental government.,Nicole Arroyo,978-0-10-945416-4,Borrowed
168,Ever least.,Jack Gregory,978-0-532-23464-7,Available
169,Report director resource.,Christina Owens,978-1-956054-69-9,Borrowed
170,Wait human.,Kimberly Rasmussen,978-0-237-60915-3,Available
171,Exist view five.,Jill Trujillo,978-0-8365-6826-4,Available
172,Risk card down.,Christine Perez,978-1-04-082536-5,Available
173,Southern shake itself.,Amanda Pitts,978-1-176-41276-7,Borrowed
174,Physical director.,Kathleen Hernandez,978-0-15-429953-6,Available
175,Happen particularly show.,Kathryn Carter,978-1-78473-351-3,Available
176,Leg candidate second.,Mrs. Kristen Vaughan,978-1-5256-5086-4,Available
177,Card water never.,Richard Phillips,978-1-62598-126-4,Available
178,Option north.,Rebecca Price,978-1-84609-669-3,Borrowed
179,Issue behind surface boy.,Shawn Young,978-1-63154-155-1,Borrowed
180,Week buy successful.,Maria Key,978-1-81466-897-6,Available
181,Him perform school.,Amanda Carr,978-1-4488-7886-4,Borrowed
182,I nature I.,John Terry,978-0-7563-6051-1,Borrowed
183,Particularly near writer successful.,Glenn Howard,978-1-9847-2108-2,Available
184,Series heart.,Christina Wilson,978-0-200-00677-4,Borrowed
185,Both before direction.,Donald Henderson,978-1-05-931022-7,Available
186,Behavior option.,Matthew Jones,978-0-229-99529-5,Borrowed
187,Represent.,Tammy Stevenson,978-0-09-397405-1,Borrowed
188,Military himself on.,Hunter Norman,978-0-87974-125-9,Borrowed
189,Myself throughout.,Kurt Hill,978-1-967673-26-1,Available
190,Deep heart upon million.,Daniel Jackson,978-1-196-56087-5,Borrowed
191,The near color.,Rebecca Steele,978-1-69241-190-9,Borrowed
192,Seven price.,Ann Moore,978-1-5340-9772-8,Available
193,Strategy this.,Timothy Gilbert,978-1-938193-68-2,Available
194,Few despite you.,William Rocha,978-1-289-27516-7,Available
195,Right usually prevent itself.,Tyler Shaw,978-1-07-686619-6,Available
196,Reality nothing direction.,Jimmy Scott,978-1-5092-1307-8,Available
197,Author Mrs.,Timothy Gutierrez,978-0-220-31010-3,Borrowed
198,Best weight.,Jason Vargas,978-1-882122-96-7,Borrowed
199,Us just.,Crystal Mathews,978-0-697-25662-1,Available
200,North specific compare take.,John Donovan,978-1-4919-3137-0,Borrowed
201,Might teacher.,Jenny Yoder,978-1-08-834716-4,Borrowed
202,Team ten protect class.,Christopher Williams,978-0-382-99659-7,Borrowed
203,Gun he just.,Eric Anthony,978-0-598-71366-7,Available
204,Live half.,Lori Jimenez,978-1-57393-431-2,Available
205,Art evening test.,Brenda Perez,978-1-356-17127-9,Borrowed
206,Pick gas head.,Haley Williams,978-1-326-74717-6,Borrowed
207,Center there.,Michelle Davis,978-1-368-12742-4,Available
208,Service agree.,Christopher Glenn,978-0-347-95931-5,Borrowed
209,Deep us.,Krystal Larsen,978-1-79567-291-7,Borrowed
210,Organization imagine.,Patrick Leonard,978-0-245-78273-2,Borrowed
211,Law sort customer.,Cynthia Reynolds,978-0-514-06833-8,Borrowed
212,Miss world.,Destiny Brown,978-0-301-68466-6,Borrowed
213,School history technology.,Amber Smith,978-0-601-33352-3,Borrowed
214,Themselves fast class.,Anthony Archer,978-0-942338-39-3,Available
215,Military not.,Aaron Ryan,978-0-509-70582-8,Available
216,Suggest small.,Lindsay Porter,978-1-83947-205-3,Available
217,Factor never.,Richard James,978-0-14-803487-7,Available
218,Pass financial.,Shannon Johnson,978-0-8447-5451-2,Borrowed
219,Though.,Christina Wright,978-1-149-10190-2,Borrowed
220,None including campaign.,Adam Smith,978-1-900178-20-4,Borrowed
221,Business impact challenge.,Raymond Morales,978-0-318-00216-3,Available
222,Term.,Suzanne Bishop,978-0-341-08768-7,Available
223,Respond five.,Lawrence Green,978-0-7873-6310-9,Borrowed
224,Partner.,Leslie Fletcher,978-0-910179-84-3,Borrowed
225,Common phone small.,Patricia Mcfarland,978-1-5281-7644-6,Borrowed
226,Summer.,Michael Welch,978-0-358-35349-2,Available
227,Home firm.,Laura Gomez,978-0-03-529903-7,Available
228,Compare too seek.,Sara Howard,978-1-174-34102-1,Borrowed
229,Color party less.,Donna Dunn,978-0-659-25026-1,Borrowed
230,None.,David Hudson,978-0-439-45084-3,Borrowed
231,Draw protect his.,Stephen Rivers,978-1-871083-63-7,Available
232,Many culture discuss.,Tamara Cook,978-1-62001-202-4,Borrowed
233,Grow performance sport.,Douglas Rodriguez,978-1-110-03451-2,Available
234,Everybody within.,Carolyn Spencer,978-0-00-297269-7,Borrowed
235,Event indeed.,Mario Henderson,978-0-265-76046-8,Borrowed
236,Be remember hope.,Melissa Baker,978-1-996362-89-1,Available
237,Work beautiful.,Connie Davis,978-0-678-26109-5,Borrowed
238,Its ball.,Douglas George,978-1-67974-722-9,Available
239,Company cell box.,James Daniels,978-1-272-16355-6,Available
240,Stuff while writer.,Gail Simpson,978-0-12-767778-1,Available
241,People rich up.,Anna Martinez,978-1-64534-275-5,Borrowed
242,Tell person.,Robert Barnes,978-1-5108-9865-3,Available
243,Mind bank.,Sandra Ibarra,978-0-05-970593-4,Available
244,Talk even increase.,Amanda Wells,978-1-212-73801-1,Available
245,Person girl serve.,Edward Wells,978-1-4059-0142-0,Borrowed
246,Discussion available.,Mr. Stephen Jennings,978-1-4699-3567-6,Available
247,Word she moment.,Paul Hernandez,978-0-250-98029-1,Available
248,No him.,Scott Miranda,978-1-4178-6034-0,Borrowed
249,Vote politics understand.,Tina Hernandez,978-1-4673-9978-4,Available
250,You north.,Rachel Smith,978-1-375-98391-4,Available
251,Deal anything else.,Crystal Mahoney,978-0-89607-119-3,Borrowed
252,Help no director though.,Christina Rivera,978-1-961969-50-6,Borrowed
253,Concern analysis morning.,Michele Dyer,978-0-516-40786-9,Available
254,Source join.,Aaron Wise,978-0-9870295-0-8,Available
255,Peace much fact anyone.,Cynthia Smith,978-1-4542-3763-1,Available
256,Second understand total.,Cassandra Hughes,978-0-219-10423-2,Available
257,Music night lay.,James Coleman,978-1-5183-1952-5,Available
258,Enter almost available.,Kenneth Dawson,978-1-4831-0937-4,Borrowed
259,Professor summer.,Catherine Barrett,978-0-614-58189-8,Borrowed
260,Blue himself.,James Carter,978-1-56691-207-5,Borrowed
261,Them money task.,Ryan Pearson,978-0-367-60218-5,Borrowed
262,Condition event.,Anne Caldwell,978-0-592-69620-1,Available
263,Prepare before fine.,Amy Johnson,978-1-55674-946-9,Available
264,Beautiful themselves two car.,Tina Lewis,978-1-72132-058-5,Borrowed
265,Hit nature seem.,Mary Francis,978-1-84220-249-4,Available
266,Hot baby trade.,Gina Johnson,978-0-8239-2525-4,Available
267,Remember floor lose.,Harold Brown,978-1-291-86096-2,Available
268,Campaign after.,Jessica Brown,978-0-563-60365-8,Borrowed
269,See.,Danielle Rodriguez,978-1-55414-871-4,Borrowed
270,Skin investment risk.,Jacob Brown,978-0-596-25413-1,Borrowed
271,Community quality.,James Morris,978-1-66938-397-0,Borrowed
272,Past usually.,Lindsay Castro,978-1-64243-942-7,Available
273,Good.,Cameron Sanders,978-0-10-241420-2,Borrowed
274,Decade office.,Matthew Butler,978-1-4885-8907-2,Available
275,Lawyer think.,Steven Perry,978-0-01-054453-4,Borrowed
276,Fire his.,Julia Solomon,978-0-290-85276-3,Available
277,About concern TV.,William Cook,978-0-365-56529-1,Borrowed
278,Possible impact region several.,Gerald Ross,978-0-651-85486-3,Available
279,Hair whole.,Mrs. Jessica Brown,978-1-255-61660-4,Available
280,Person page.,Hannah Ortiz,978-0-9771097-4-6,Available
281,Check campaign win.,Lori Baker,978-0-00-550975-3,Available
282,Industry happy.,Kathryn Moore,978-0-359-28198-5,Available
283,Themselves everybody.,Joann Bryant,978-1-992171-99-2,Borrowed
284,Season reason change.,Lauren Herrera,978-0-694-63456-9,Available
285,Thousand open benefit.,Erin Hill,978-1-59596-795-4,Borrowed
286,Heavy number.,Samantha Cisneros,978-1-124-91698-9,Available
287,Just teach huge.,Linda Ochoa,978-0-07-280878-0,Borrowed
288,Hold test.,Carol Thompson,978-1-153-53782-7,Available
289,About certain age.,Brandon Jones,978-1-211-99404-3,Borrowed
290,Exist.,Ryan Guzman,978-1-322-45556-3,Borrowed
291,Image power show.,Frederick Davis,978-1-69914-028-4,Available
292,Attention design.,Melissa Day,978-0-366-09265-9,Available
293,Resource ahead court.,Shaun Schultz,978-1-08-278554-2,Available
294,Prepare grow indeed.,Jason Pearson,978-1-134-92259-8,Borrowed
295,Such study eye.,Tony Taylor,978-1-70130-540-3,Borrowed
296,Wind sense common.,Allison Austin,978-1-61641-740-6,Available
297,What politics remain.,Jason Neal,978-1-938442-31-5,Available
298,Safe bad skin.,Lisa Miller,978-0-347-34170-7,Available
299,Race current door leg.,Lucas West,978-1-377-13972-2,Borrowed
300,Source million car.,Jordan Schmitt,978-1-02-965909-7,Available
301,Water buy use.,Gregory Watkins,978-1-248-21619-4,Available
302,Personal available.,Suzanne Cook,978-1-196-73167-1,Borrowed
303,Use reduce.,Janet Ruiz,978-1-305-65994-0,Available
304,Author simple.,Heather Stevens,978-0-469-20720-2,Borrowed
305,Nice way country family.,Edward Lee,978-1-103-68770-1,Available
306,Beat.,James Smith,978-0-7738-4484-1,Borrowed
307,Money training issue.,William Jones,978-0-636-54049-1,Available
308,Outside former item.,Robert Pacheco,978-1-70727-773-5,Borrowed
309,Difficult human.,Caroline Brewer,978-0-215-81962-8,Borrowed
310,These.,George Drake,978-1-4026-3876-3,Borrowed
311,Player important.,Rebecca Myers,978-0-646-22684-2,Borrowed
312,Understand each court.,Raymond Walsh,978-0-263-43784-3,Borrowed
313,Car anything.,April Jordan,978-1-5238-6156-9,Borrowed
314,South soldier exist he.,Jenna Little,978-0-9708909-6-2,Borrowed
315,Threat table magazine.,Karen Mitchell,978-1-132-44491-7,Available
316,Your Democrat.,Tammy Simmons,978-0-691-11267-1,Available
317,Allow enough.,Robert Perez,978-0-244-05214-0,Available
318,Expert shoulder place.,Janice Thomas,978-0-12-374353-4,Borrowed
319,Every price.,Jill Kennedy,978-0-8200-9473-1,Borrowed
320,Fish rich house.,Daniel Porter,978-1-875548-39-2,Available
321,Beat.,Daniel Young,978-0-308-34958-2,Borrowed
322,Second particularly citizen.,Mark Warner,978-0-573-57467-2,Available
323,Hand help concern.,Ryan Anderson,978-1-365-43329-0,Borrowed
324,Good home series.,Kristin Sandoval,978-1-57173-263-7,Available
325,No rule trial only.,Ricky Jackson,978-0-7014-2047-5,Borrowed
326,Process impact raise.,Jim Powell,978-1-5356-0916-6,Available
327,Door lay bed.,Robert Martin,978-1-306-13822-2,Available
328,Mind evidence.,Theresa Daniels,978-0-301-71062-4,Available
329,Reason analysis.,Stephanie Williams,978-1-368-35666-4,Borrowed
330,With create tree speech.,Krista Williams,978-1-04-470765-0,Available
331,Million believe soldier.,Michele Lewis,978-1-80728-212-7,Borrowed
332,Some sign business.,Harry Dennis,978-1-123-55133-4,Borrowed
333,Front analysis hundred.,Jasmine Shelton,978-1-72305-084-8,Borrowed
334,Result hair bring.,Stephen Moran PhD,978-0-371-93048-9,Available
335,Visit paper.,Elizabeth Carrillo,978-1-5183-1366-0,Available
336,More goal guess service.,Amanda Mcdonald,978-0-662-98357-6,Borrowed
337,Look cup.,Kristina Davis,978-1-5264-4262-8,Available
338,Operation score.,Taylor Thomas,978-1-120-72633-9,Borrowed
339,Dark address too.,Pamela Kelly,978-1-5140-1444-8,Borrowed
340,Reduce toward bring.,Lisa Watts,978-1-5255-5354-7,Borrowed
341,Law standard.,Natalie Allen,978-1-4150-4385-1,Available
342,Trouble early.,Gary Roberts,978-0-8400-5975-8,Available
343,Brother run see develop.,Michael Gonzales,978-0-04-722160-6,Available
344,Artist western.,Sandra White,978-0-252-10627-9,Available
345,Fine result crime.,Terry Davis,978-1-275-77166-6,Available
346,Market move.,Nicole Hicks,978-0-420-69547-5,Borrowed
347,Professional impact.,Richard Evans,978-0-636-26271-3,Borrowed
348,Lot detail.,Rebecca Vasquez,978-0-680-71271-4,Available
349,Girl new cause.,Savannah Scott,978-0-88733-058-2,Borrowed
350,Knowledge guess.,Meghan Thompson,978-0-04-807768-4,Available
351,Use enter.,Hannah King,978-0-16-355361-2,Available
352,State church.,Ronald Burns,978-0-03-396997-0,Available
353,Each have.,Jessica Kim,978-0-492-07261-7,Borrowed
354,Meeting even.,Jody Goodwin,978-0-8016-2746-0,Available
355,Discuss plant heart add.,Theresa Richardson,978-0-9658754-7-9,Available
356,Fly how own.,Christina Jenkins,978-0-602-96217-3,Available
357,Building marriage.,Ronald Morris,978-1-78657-532-6,Available
358,Point between gun.,Anita Miller,978-0-561-17790-8,Borrowed
359,Trade network.,Elizabeth Diaz,978-1-61924-423-8,Available
360,Short return little on.,David Dennis,978-0-248-04506-3,Borrowed
361,Provide tonight opportunity.,Erik Rodriguez,978-1-07-700970-7,Available
362,Ground character.,Betty Malone,978-0-12-125476-6,Borrowed
363,Actually study.,Mrs. Jamie Jackson,978-0-607-64969-7,Available
364,Institution yard until.,Lisa Cole,978-1-82703-651-9,Borrowed
365,Want risk.,Dale Wright,978-0-14-617565-7,Borrowed
366,International worry.,Jessica Morales,978-0-596-03505-1,Available
367,Recent medical.,Daniel Reese,978-0-688-13579-9,Available
368,Reality concern.,Terri Lee,978-1-947773-22-6,Available
369,Good many.,Joel Dean,978-1-01-516345-4,Borrowed
370,Join fall employee want.,James Richard,978-1-151-65584-4,Available
371,Part direction.,Susan Jones,978-0-371-31337-4,Borrowed
372,Garden strong know base.,Brittany Mitchell,978-1-397-65833-3,Borrowed
373,Hospital relationship range measure.,Allison Roberts,978-0-933279-32-2,Borrowed
374,Staff herself memory red.,Amy Smith,978-1-927688-63-2,Borrowed
375,Audience evening.,John Hayes,978-0-9608663-0-4,Borrowed
376,Piece.,Samantha Garcia DDS,978-0-7163-5183-2,Available
377,Dinner likely.,Brittany Hampton,978-1-322-16809-8,Borrowed
378,Accept.,Todd Miles,978-1-9754-5998-7,Available
379,Agreement none.,Sandra Evans,978-0-933580-39-8,Available
380,Long reach.,Jason White,978-0-295-85018-4,Available
381,North.,Russell Avila,978-1-232-93937-5,Borrowed
382,Economic mouth.,Deborah Higgins,978-0-496-60229-2,Borrowed
383,Business them treat.,Lisa Small,978-1-229-24791-9,Available
384,According ground hospital.,James Garcia,978-1-69524-753-6,Borrowed
385,Administration stand management.,Jacob Heath,978-1-357-28378-0,Borrowed
386,Week list.,Frank Thompson,978-0-13-948951-8,Available
387,Yet military.,Jason Mitchell,978-1-03-438625-4,Available
388,Consider score.,John King,978-0-19-305607-7,Available
389,Suffer animal themselves.,Ms. Erin Newman,978-1-7366836-6-8,Borrowed
390,Identify focus.,April Madden,978-1-379-03178-9,Available
391,North cup.,Leslie Johnson,978-1-317-23726-6,Borrowed
392,Network.,Aaron Padilla,978-0-948502-37-8,Available
393,Along perhaps card.,Brandon Macias,978-1-57463-378-8,Available
394,Project.,Eric Marshall,978-0-647-50501-4,Borrowed
395,Here view.,Dr. Jeff Baker,978-0-921446-69-9,Borrowed
396,First improve fact.,Cody Mccoy,978-0-12-109262-7,Available
397,Clearly strong value.,Rachel Torres,978-0-7983-8528-2,Borrowed
398,Song wish.,Sharon Hatfield,978-0-7370-5323-4,Available
399,His vote modern.,Dr. Rebecca Graves,978-1-919301-17-4,Borrowed
400,True whole cell big.,Becky Garcia,978-0-348-82918-1,Available
401,Dream shake find street.,Brandi Mclaughlin,978-1-4869-9679-7,Available
402,Notice field.,Crystal Lopez,978-1-60485-535-7,Available
403,Stuff second.,Brenda Smith,978-0-8183-5625-4,Available
404,Buy cold.,Stephen Thomas,978-1-923987-35-7,Available
405,Indicate red.,Brianna Stafford,978-1-4660-8731-6,Borrowed
406,Cut deep there about.,Catherine Gonzales,978-0-89038-621-7,Available
407,Heavy save.,Zachary Newton,978-1-82767-651-7,Available
408,Create include color.,Leslie Hughes,978-0-901024-54-1,Available
409,Determine finally land.,Yvette Bennett,978-0-88433-384-5,Borrowed
410,Wall result room.,Kevin Thomas,978-0-293-87874-6,Available
411,Election actually.,Madeline Romero,978-1-913472-68-9,Borrowed
412,Off large couple.,Timothy Kidd,978-0-9692113-4-1,Available
413,Everyone situation measure.,Elizabeth Blair,978-1-176-92504-5,Borrowed
414,Age travel upon.,Michael Jones,978-0-930070-90-8,Borrowed
415,Million leg pull.,Stanley Fleming,978-0-566-55058-4,Borrowed
416,Forget class.,Noah Beasley,978-0-671-04374-2,Available
417,Store address.,Miss Maria Norris,978-1-134-27313-3,Borrowed
418,Meeting how ever.,Danielle Sullivan,978-1-4805-4237-2,Borrowed
419,Rock high trouble day.,Sergio Hughes,978-0-528-90319-9,Available
420,Collection tell.,Thomas Murray,978-0-18-292415-8,Available
421,Throughout sea American.,Peter Jones,978-0-9756327-3-4,Available
422,Camera better long.,Earl Bright,978-1-385-50589-2,Borrowed
423,Month a visit near.,Joshua Salazar,978-1-9769-1609-0,Borrowed
424,He likely.,Gary Wells,978-0-584-85577-7,Borrowed
425,Ever.,Eric Fuller,978-1-157-32125-5,Available
426,Reason trouble least.,Barry Peters III,978-1-67535-455-1,Available
427,Wall beautiful.,John Bernard,978-1-58096-792-1,Borrowed
428,Surface news treatment.,Mark Williams,978-1-309-77459-5,Borrowed
429,Sister soon pick.,Dwayne Wilson,978-0-519-50222-6,Available
430,Want important state why.,Jonathan Valenzuela,978-1-308-40427-1,Borrowed
431,I consider.,Charles Wallace MD,978-1-137-17525-0,Borrowed
432,Shake to behavior.,Brian Hunt,978-0-11-425442-1,Available
433,Right research record.,Richard Harper,978-0-87342-222-2,Available
434,Professor.,Rebecca Garcia,978-1-68500-286-2,Borrowed
435,Bring around future.,Joshua Mcclain,978-0-541-29538-7,Available
436,Media physical material.,Linda Cruz,978-0-260-71580-7,Available
437,Gun trial.,Mary Miller,978-1-304-67450-0,Borrowed
438,White population accept.,Christopher Spencer,978-1-118-96868-0,Borrowed
439,Gun color.,Jay Newton,978-0-19-156148-1,Borrowed
440,Exist mind.,Amy Crane,978-0-15-791866-3,Borrowed
441,But support season.,Michael Wyatt,978-0-644-21837-5,Borrowed
442,Beat girl join.,Michelle Greene,978-0-356-56603-0,Borrowed
443,Look go.,Matthew Prince,978-0-85341-397-4,Borrowed
444,Say.,Michael Whitney,978-0-595-92387-8,Available
445,Fish seat.,David Garcia,978-1-110-75167-9,Borrowed
446,Build myself might sound.,Robert Nguyen,978-0-517-55751-8,Borrowed
447,Parent statement night.,Katherine Fields,978-1-61454-321-3,Available
448,Community price discover.,Becky Munoz,978-0-350-21112-7,Available
449,Child laugh cup.,Sandra Shaw,978-1-77616-188-1,Available
450,Focus identify.,Kristopher Vasquez,978-1-05-957767-5,Available
451,Much drop at.,Jose Hubbard,978-0-526-51286-7,Borrowed
452,Store wife course.,Michelle Trevino,978-1-170-74767-4,Available
453,Answer right loss.,Laura Schmidt,978-0-345-77529-0,Borrowed
454,Meet market.,Maria Owens,978-0-386-33503-3,Available
455,Present agree require work.,Stephanie Fisher,978-1-57471-922-2,Available
456,Lot two energy.,Hannah Thomas,978-0-376-54658-6,Available
457,Fast do happy.,Courtney Carroll,978-0-7923-5898-5,Available
458,Service feel.,Jonathan Butler,978-0-926470-55-2,Available
459,Record area.,Ronnie Harris,978-0-8381-9164-4,Available
460,Man peace but.,Lisa Adkins,978-0-531-41791-1,Available
461,Finally its.,Lacey Nguyen,978-1-241-13017-6,Available
462,Keep way glass room.,Mark Simon,978-1-75085-468-6,Borrowed
463,Last style usually.,Charlotte Johnson,978-1-884676-49-9,Available
464,Official during we.,Mr. Scott Buchanan,978-0-7126-7221-4,Available
465,Phone parent act.,Michelle Patton,978-0-09-192535-2,Available
466,Treatment art.,Shari Stevens,978-1-07-299797-9,Borrowed
467,Only old floor.,Russell Simmons,978-1-09-897139-7,Borrowed
468,Goal give true.,William Chen,978-1-116-07620-2,Available
469,Choice building forward.,Amanda Morris,978-0-89125-959-6,Borrowed
470,Stock you attorney.,Tabitha Patterson,978-1-61828-151-7,Available
471,Church whatever future table.,David Hardy,978-1-285-00708-3,Borrowed
472,Well produce avoid.,Juan Evans,978-0-7766-8483-3,Borrowed
473,Structure option.,Ellen Flores,978-1-5093-5070-4,Borrowed
474,Religious mean.,Francis Flowers,978-1-127-19241-0,Available
475,Along quickly create.,Stephanie Duncan,978-1-178-36662-4,Available
476,Your especially.,Jose Griffin,978-0-342-79830-8,Borrowed
477,Forget teach agree.,Austin Brown,978-1-5419-6855-4,Borrowed
478,Human anyone.,Austin Monroe,978-0-687-79995-4,Available
479,Current after model.,Christina Robinson,978-1-68715-452-1,Borrowed
480,Now.,Benjamin Gomez,978-0-01-451611-7,Borrowed
481,Avoid board without.,John Payne,978-1-58987-109-0,Borrowed
482,Since military cut.,Alexandra Lambert,978-0-638-77031-5,Available
483,Marriage.,Norma Hood,978-0-350-83752-5,Borrowed
484,Professional always.,Maria Curtis,978-1-896917-21-4,Borrowed
485,Beautiful popular.,Amy Miller,978-0-02-422940-3,Available
486,Indeed compare.,Samantha Mills,978-0-268-86555-9,Borrowed
487,Left large into.,Nichole Dominguez,978-1-173-38366-4,Available
488,Office turn start agreement.,Kristie Velasquez,978-1-9860-9349-1,Borrowed
489,Somebody born year.,Nancy Moreno,978-0-434-82715-2,Available
490,Develop power high.,Anita Ferguson,978-0-02-003966-2,Borrowed
491,Especially catch know.,John Cobb,978-0-690-81633-4,Borrowed
492,Morning.,Brian Cisneros,978-0-01-314757-2,Borrowed
493,Until wish debate follow.,Melissa Miller,978-0-242-54381-7,Borrowed
494,Wall door site cover.,Donna Mooney,978-0-948189-47-0,Borrowed
495,Environmental bring.,Jennifer Turner,978-1-04-758589-7,Available
496,Clear whatever themselves.,Brooke Park,978-0-554-78441-0,Available
497,Information piece center.,Stephanie White,978-0-374-09517-8,Available
498,World describe me.,Christopher Smith,978-0-02-033605-1,Borrowed
499,Health daughter.,Laura Campbell,978-1-4206-4058-8,Available
500,Piece represent.,Laurie Ayers,978-1-79385-803-0,Available
501,Option cell tonight quality.,Hector Barker,978-0-441-10072-9,Borrowed
502,Worker memory.,Sarah Harrison,978-0-289-83528-9,Borrowed
503,Get stop physical.,Zachary Mills,978-1-957817-23-1,Borrowed
504,Capital weight little.,Joseph Tucker,978-0-518-53001-5,Available
505,Simple onto recognize.,Brandon Simon,978-0-514-62777-1,Borrowed
506,Cell beat message.,Michelle Marsh,978-0-7263-4593-7,Available
507,Deep though.,Donna Castro,978-0-03-138755-4,Borrowed
508,Think happy.,Ryan Roberts,978-0-589-53365-6,Borrowed
509,Sound.,Nathan Dawson,978-0-7472-2876-9,Borrowed
510,For figure marriage.,Raymond Bishop,978-1-359-28707-6,Available
511,Point adult idea.,Destiny Mclean,978-1-4700-1867-2,Available
512,Protect determine themselves.,Cassie Vazquez,978-1-383-21171-9,Available
513,Give finally member.,Tanya Clay,978-0-466-56534-3,Borrowed
514,Song stop.,Russell Stuart,978-1-66876-277-6,Available
515,Last focus.,Amanda Miller,978-0-9526224-5-1,Available
516,Game.,Jasmine Phillips,978-1-86345-518-3,Available
517,Sign after.,Brent Goodwin,978-0-249-17393-2,Available
518,Air number.,Joshua Gutierrez,978-0-04-729907-0,Available
519,Student professor.,Jessica Trujillo,978-0-325-81602-9,Available
520,Happy I mission.,Mrs. Elizabeth Guzman,978-0-8446-5351-8,Available
521,Collection mean line.,Jacob Marshall,978-0-232-17368-0,Borrowed
522,Relate.,Manuel Gross,978-1-949048-07-0,Available
523,Thank night.,Jessica Caldwell,978-0-7715-0224-8,Available
524,Member successful pull major.,Alison Wright,978-1-320-79622-4,Available
525,Card good four.,Jennifer Villanueva,978-0-940508-21-7,Borrowed
526,We detail.,Donna Anderson,978-0-86448-700-1,Borrowed
527,Market list next.,April Flynn,978-0-7018-5539-0,Available
528,Congress television arm.,Rebekah Valdez,978-0-207-72477-0,Borrowed
529,Same interview garden.,Jacqueline Wilson,978-1-131-50336-3,Available
530,Current white baby our.,Taylor Woods,978-1-86131-699-8,Borrowed
531,Door.,Miss Alison Peters,978-0-263-58848-4,Borrowed
532,Other forget.,Meredith Stein,978-1-5010-9175-9,Borrowed
533,Race prove.,Karen Arias,978-1-78040-702-9,Available
534,Like analysis.,Michael Allen,978-0-584-91126-8,Available
535,Nothing parent.,Donald Steele,978-1-290-47436-8,Available
536,Simple better.,James Pittman,978-0-17-914421-7,Borrowed
537,Relate evening.,Kevin Fry,978-0-7453-2460-9,Available
538,Bit decide parent.,Gregory Shaw,978-0-7466-7658-5,Available
539,Decide country no.,Michael Cook,978-1-169-94409-1,Borrowed
540,Explain series want.,Mark Hughes,978-0-921765-87-5,Borrowed
541,Turn night anything.,Tyler Walter,978-1-138-75529-1,Borrowed
542,Phone everyone commercial.,Elizabeth Miller,978-1-379-40677-8,Available
543,Perhaps.,Caleb Rodriguez,978-1-312-44801-8,Available
544,Brother build.,Thomas Crane,978-0-544-60053-9,Borrowed
545,Right wind.,Angelica Allen DVM,978-1-158-88570-1,Borrowed
546,Social year.,Kimberly Moore,978-0-532-73451-2,Available
547,Politics within challenge.,Charles Miller Jr.,978-0-8456-0021-4,Borrowed
548,Attack affect.,Nicholas Reid,978-1-64611-879-3,Borrowed
549,Class newspaper.,Mr. Charles Collins,978-0-17-688746-9,Borrowed
550,Card every.,Sarah Dunn,978-1-948890-78-6,Borrowed
551,Better often walk their.,Kara Roberts DDS,978-1-202-22063-2,Borrowed
552,Rate say.,Tiffany Ray,978-0-9585263-5-7,Available
553,Plan.,Cameron Ross,978-0-338-25955-4,Available
554,Brother.,Taylor Brown,978-1-4971-5148-2,Borrowed
555,Week billion success.,Michael Green,978-1-4873-3113-9,Borrowed
556,Full.,Christy Trevino,978-1-59973-094-3,Borrowed
557,Attorney.,David Vasquez,978-1-4775-8025-7,Available
558,Still executive.,Daniel Oconnell,978-0-620-29864-3,Borrowed
559,Job success site.,Stephen Wilson,978-1-4973-9906-8,Available
560,Subject already PM.,George Dillon,978-0-487-26226-9,Borrowed
561,Reach agent.,Christina Porter,978-1-63890-043-6,Borrowed
562,Never kid.,Brian Shaw,978-1-75839-381-1,Available
563,True full discover.,Kelly Jones,978-0-302-58904-5,Borrowed
564,Affect here.,Nathan Rodriguez,978-0-490-45891-8,Borrowed
565,Yeah meeting.,Angela White,978-0-435-59956-0,Borrowed
566,Still trial often building.,Kenneth Rodriguez,978-1-62372-621-8,Borrowed
567,That ready sell change.,Caleb Green,978-0-475-72446-5,Borrowed
568,Left very.,Brooke Francis,978-0-468-47317-2,Available
569,Happen heavy.,Blake Johnson,978-1-247-16985-9,Borrowed
570,Truth evidence.,Makayla Anderson,978-0-612-42065-6,Borrowed
571,Role individual focus.,Jennifer Gordon,978-1-909829-85-5,Borrowed
572,Whatever various.,Rebecca Roach,978-1-9792-9426-3,Borrowed
573,News serve along.,Mark Griffin,978-0-7220-0112-7,Borrowed
574,Wind car.,James Wallace,978-1-4788-9078-2,Available
575,Upon identify.,Mary Rodriguez,978-0-09-962545-2,Available
576,Stage room.,Robert Martin,978-0-9711390-3-9,Available
577,Often both.,Randall Harvey,978-0-908009-03-9,Borrowed
578,Low individual.,Justin Campbell,978-0-233-74507-7,Available
579,Second many.,Andrew Smith,978-1-930465-92-3,Borrowed
580,Like us.,Anthony Raymond,978-1-62365-913-4,Borrowed
581,Be.,Mr. Jerome Lopez Jr.,978-0-510-88540-3,Available
582,And.,Kristen Wilson,978-0-14-382864-8,Borrowed
583,Purpose court often follow.,Amy Hall,978-1-201-30421-0,Available
584,Short career.,Nicole Smith,978-0-09-535250-5,Available
585,Move role son.,Lori Benitez MD,978-1-217-91891-3,Available
586,End particular letter shoulder.,Stacey Escobar,978-1-01-688128-9,Available
587,Unit simply.,Stephen Bowman,978-0-17-321139-7,Available
588,My service lose.,Jay Taylor,978-0-305-07486-9,Available
589,Wait stuff road.,Michael Smith,978-1-55618-264-8,Borrowed
590,Nearly trial.,Alexander Gonzalez,978-1-9805-9302-7,Available
591,Source ahead.,Brittany Stanley,978-0-07-341859-9,Borrowed
592,Maybe know.,Timothy Kerr,978-0-03-643330-0,Available
593,Matter sense interesting.,Jamie Ray,978-0-374-83327-5,Available
594,Long PM central.,Michael Williams,978-0-225-64150-9,Available
595,Movement help throughout leg.,Christopher Roth,978-1-202-83495-2,Borrowed
596,International song.,Kyle Nguyen,978-0-00-851707-6,Borrowed
597,Knowledge project.,Joshua Gonzalez,978-1-65353-034-2,Available
598,For.,Matthew Johnson,978-0-8067-1773-9,Available
599,Way describe look hospital.,Cynthia Schmidt,978-0-428-14735-8,Borrowed
600,Finish economic.,Traci Cabrera,978-1-992221-03-1,Available
601,Business center result.,Charles Vargas,978-1-5020-6333-5,Available
602,Partner history.,Miranda Williams,978-0-211-33894-9,Borrowed
603,Deep push.,Joann Coleman,978-0-7050-4463-9,Available
604,Rate when.,Jose Flores,978-1-5380-6026-1,Available
605,Arrive food.,Derek Henderson,978-1-995907-35-2,Available
606,Southern store off.,Carol Ellis,978-1-5417-8830-5,Borrowed
607,Enter pull whole.,Robin Snyder,978-0-667-85121-4,Available
608,Course.,Margaret Murphy,978-0-540-49788-1,Available
609,Would.,Nicholas Young,978-1-255-63443-1,Borrowed
610,Pick contain.,John Booth,978-0-585-07072-8,Available
611,Chair and main.,Rhonda Harrison,978-1-01-957855-1,Available
612,Close turn.,Rebecca Owens,978-1-77216-354-4,Available
613,Their so.,Lisa Hart,978-0-09-839923-1,Available
614,Husband scene outside.,David Weaver,978-1-04-344271-2,Borrowed
615,Tv dream trial.,Ms. Sarah Hill,978-0-285-13715-8,Borrowed
616,East bar.,Terry Thomas,978-1-315-17021-3,Available
617,Show name Democrat those.,Anna Taylor,978-0-315-99047-0,Borrowed
618,Brother.,Nicholas Hernandez,978-1-392-20889-2,Available
619,Third lot.,Alexandra Jones,978-0-592-71621-3,Borrowed
620,Stuff report.,Anthony Oconnell,978-0-01-752033-3,Available
621,Bit.,Stephanie Bennett,978-0-444-91925-0,Borrowed
622,None.,Cynthia Rollins,978-1-62297-573-0,Available
623,Bad water area.,Corey Jackson,978-1-69009-323-7,Available
624,During.,Tiffany Kelly,978-0-399-40700-0,Borrowed
625,Side job wear.,Stephanie Williams,978-0-19-450325-9,Available
626,Run any world.,Michael Vargas,978-0-87475-069-0,Borrowed
627,Know rather pretty get.,Sean Hernandez,978-1-57282-872-8,Borrowed
628,By sound meet production.,James Parker,978-0-7313-3114-7,Available
629,Draw two.,Alexis Murphy,978-1-84082-284-7,Available
630,Power how view let.,Amanda Salas,978-1-83619-707-2,Borrowed
631,Present shoulder American black.,Michelle Craig,978-1-06-718330-1,Borrowed
632,Should simply.,Michael White,978-0-646-92778-7,Borrowed
633,Edge business.,Clifford Cervantes,978-1-193-61013-9,Borrowed
634,Available.,Amanda Wells,978-1-5310-4862-4,Borrowed
635,Especially discover court.,Jacob Malone,978-0-7602-0118-3,Available
636,Drive either.,Tiffany Jones,978-0-263-68358-5,Available
637,Deep similar offer sound.,Stephen Jones,978-1-946213-34-1,Available
638,Base dog.,Elijah Green,978-1-942290-34-6,Borrowed
639,Understand dinner.,Leroy Wilson,978-1-947537-74-3,Borrowed
640,Activity sport condition.,Debra Williams,978-0-9890073-7-5,Borrowed
641,She speak.,Stephen Johnson,978-0-07-247082-6,Available
642,Despite understand our.,Leon Nicholson,978-1-9990957-6-5,Available
643,Everyone close near.,David Benson,978-0-18-164983-0,Available
644,Region bit of.,Michael Suarez,978-1-303-37941-3,Available
645,Spring discussion any.,Lee Peters,978-1-235-64355-2,Available
646,Easy music agreement.,Joseph Clark,978-0-8118-9620-7,Borrowed
647,Claim in.,Amanda Hughes,978-1-239-72016-7,Available
648,Character hair quickly.,Barbara Hernandez,978-0-917611-76-6,Available
649,Sea until.,Curtis James,978-0-16-919511-3,Available
650,Ahead city anyone.,Jennifer Irwin,978-0-470-64234-4,Borrowed
651,Move change.,Alicia Miller,978-1-4849-3309-1,Available
652,Oil shoulder start.,Troy Mcdowell,978-1-07-639286-2,Borrowed
653,Enter treat right.,Lisa Mitchell,978-0-8388-2786-4,Available
654,When before recently.,Robert Lopez,978-0-87666-612-8,Available
655,Especially ready behind.,Rhonda Mills,978-1-948297-93-6,Borrowed
656,Feel onto you.,Brandi Smith,978-0-428-17552-8,Borrowed
657,Mean strategy.,Jennifer Coleman,978-0-10-168762-1,Available
658,Imagine few agreement.,Steven Yang,978-1-08-832114-0,Borrowed
659,Audience sometimes.,Linda Pennington,978-1-9846-0395-1,Available
660,Of reason.,Mr. David Goodwin II,978-0-7842-7100-1,Borrowed
661,Bed management not.,James Garcia,978-1-75921-380-4,Available
662,Floor.,Bradley Newton,978-1-07-379092-0,Available
663,While government away.,Brittney Valenzuela,978-1-4903-2225-4,Available
664,Time.,Gina Taylor,978-0-224-27123-3,Available
665,Civil.,Joseph Glenn,978-1-55973-766-1,Borrowed
666,Floor around manager value.,Tammy Lee,978-1-182-23594-7,Borrowed
667,Culture suggest activity.,Kristin Dunlap,978-1-255-21106-9,Available
668,Will office race along.,Haley Maxwell,978-1-341-86016-4,Borrowed
669,Though make ever.,Mary Stanley,978-0-207-86364-6,Available
670,Need drop soon.,Miss Tara Miller MD,978-1-07-200308-3,Available
671,Truth truth.,Phillip Hall,978-1-08-195217-4,Borrowed
672,Great field ready.,Ashley George,978-1-56410-348-2,Borrowed
673,Point recent organization.,Joel Osborne,978-1-06-140424-2,Borrowed
674,Business officer.,Gregory Koch,978-0-611-28462-4,Borrowed
675,Option.,Joel Tran,978-1-4392-4961-1,Available
676,Watch stock task.,Dustin Green,978-0-650-72871-4,Available
677,Three must.,Brenda Gonzalez,978-0-595-13198-3,Borrowed
678,Tv.,David Levy,978-0-944725-69-6,Borrowed
679,Also mention.,Tara Harris,978-1-4356-4663-6,Borrowed
680,Southern parent.,Amanda Chambers,978-0-425-70211-6,Borrowed
681,Fish doctor brother.,Amy Goodman,978-0-7554-2771-0,Available
682,Price.,John Dorsey,978-0-13-857887-9,Borrowed
683,Quality perhaps too.,Scott Weber,978-0-7999-4194-4,Borrowed
684,Bag contain pass.,Ashley Wagner,978-1-5230-3073-6,Borrowed
685,Leave including energy.,Jamie Kirby,978-0-17-060434-5,Available
686,Year real.,Paige Roberson,978-1-4015-2938-3,Available
687,Institution radio possible.,Connor Ramirez,978-1-65502-456-6,Borrowed
688,Idea similar.,Brittany Kim,978-0-7008-2186-0,Available
689,Force billion.,Samantha Jenkins,978-0-434-08072-4,Available
690,World for body.,Betty Garcia,978-0-904258-47-9,Borrowed
691,Suggest too physical.,Kimberly Bell,978-0-402-12546-4,Borrowed
692,Mother early college.,Kenneth Simmons,978-1-226-53931-4,Borrowed
693,Individual list.,Felicia Dillon,978-1-00-499712-1,Borrowed
694,Card.,Traci Sims,978-0-504-49214-3,Available
695,Improve use.,Rebecca Thompson,978-1-83431-439-6,Borrowed
696,Similar campaign.,Robert Johnson,978-0-231-99835-2,Available
697,Most green tax.,William Stewart,978-0-689-93092-8,Borrowed
698,Understand like inside.,Joe Copeland,978-0-07-737273-6,Available
699,Important reach.,Renee Johnston,978-0-9925504-2-4,Available
700,Number.,Melanie Howard,978-0-202-66362-3,Available
701,Fast himself.,Audrey Martin,978-1-253-19129-5,Borrowed
702,Attorney everybody.,Karen Miller,978-1-4483-5995-0,Borrowed
703,Work poor.,Susan Morgan,978-1-9842-6333-9,Borrowed
704,Answer campaign player.,Spencer Lutz,978-0-548-41155-1,Borrowed
705,I talk.,John Bauer,978-1-7360100-5-1,Borrowed
706,Five high total.,Jason Miller,978-0-935760-62-0,Available
707,Technology industry.,Brian Rodriguez,978-1-60149-115-2,Available
708,I list.,Micheal Weaver,978-1-972421-56-7,Borrowed
709,Room others.,Allen Long,978-1-886610-64-4,Borrowed
710,Pretty anyone.,Christopher Mcmahon DVM,978-1-05-798430-7,Borrowed
711,Truth.,Tyler Sanders,978-1-76924-445-4,Available
712,Despite place why.,Francisco Kelly,978-0-00-306374-5,Borrowed
713,Recently series college.,Michelle Ritter,978-0-475-66802-8,Available
714,Author.,Michael Clarke,978-1-4869-0857-8,Available
715,Group might as.,Dylan Clark,978-0-383-24292-1,Borrowed
716,College trip.,Alexandra Flores,978-0-357-23828-8,Borrowed
717,Finally.,Thomas Anderson,978-0-8362-8972-5,Available
718,Democratic medical.,Margaret Wood,978-1-4886-6645-2,Borrowed
719,Firm best.,Dana Rhodes,978-0-9533136-4-8,Borrowed
720,Best evening particularly fund.,Lisa Salazar,978-1-63796-746-1,Available
721,Trade also.,Matthew Dominguez,978-1-257-53847-8,Borrowed
722,Move claim unit ball.,Brian Fernandez,978-1-390-00777-0,Available
723,Knowledge.,Angela Abbott,978-1-55110-260-3,Borrowed
724,Car foreign message.,Felicia Frank,978-1-01-443742-6,Borrowed
725,Thought trip check.,John Baker,978-1-71317-038-9,Available
726,Day effort know.,Frank Cole,978-0-8037-9915-8,Available
727,Much.,Sean Boone,978-0-7279-0036-4,Borrowed
728,Memory religious behavior.,Susan Love,978-0-7086-2305-3,Available
729,Century society company.,Donna Neal,978-1-231-90659-0,Borrowed
730,Only huge traditional.,Andrew Nelson,978-1-4153-1209-4,Available
731,Month ready break.,Theodore Collins,978-0-389-78404-3,Available
732,Professional real.,Cassie Clark,978-1-85634-038-0,Available
733,Page.,Ryan Simmons,978-0-85696-472-5,Borrowed
734,Partner his.,Patty Bush,978-0-657-17969-4,Available
735,Father customer position.,Eddie Maxwell,978-1-57458-761-6,Available
736,Series human a hear.,Timothy Carroll,978-1-85385-502-3,Available
737,Lead production method.,Christine Ho,978-0-8329-5551-8,Borrowed
738,Growth structure.,Brett Cox,978-0-08-754387-4,Borrowed
739,Left become itself.,Sabrina Henson,978-0-520-40838-8,Available
740,Within wife similar.,Jody Melton,978-1-64699-973-6,Available
741,Quite protect raise.,Omar Lang,978-1-124-37704-9,Available
742,His reason.,Melanie Pearson,978-1-950796-94-6,Available
743,Some you they.,Michael Mason,978-0-8274-4589-5,Borrowed
744,Expect easy.,Bryan Church,978-1-55908-895-4,Available
745,Position although.,Dale Glover,978-0-10-451348-4,Borrowed
746,Late father.,Scott Green,978-1-177-14019-5,Available
747,Personal.,Breanna Cannon,978-0-9600158-7-0,Available
748,Player third case center.,Jennifer Hamilton,978-0-424-78800-5,Available
749,Protect agreement both.,Linda Myers,978-0-605-38972-4,Borrowed
750,Every computer.,Pamela Sanders,978-0-313-80173-0,Borrowed
751,Despite option take.,Tonya Schroeder,978-1-4172-6943-3,Borrowed
752,Interest each technology.,Amy Compton,978-0-624-42754-4,Borrowed
753,Expect black paper fast.,William Miranda,978-0-05-003403-3,Available
754,Better themselves public.,Nancy Swanson,978-1-04-209830-9,Available
755,Window feeling recognize.,Renee Holder,978-1-320-33572-0,Available
756,Arm business candidate rich.,Michael Nguyen,978-0-352-43589-7,Borrowed
757,Their energy teach.,Ryan Green,978-0-900759-29-1,Borrowed
758,Brother ask.,Maureen Hall,978-1-4930-7411-2,Available
759,Watch plan task forget.,Jennifer Nichols,978-1-09-288768-7,Available
760,Issue market join entire.,Michael Schwartz,978-0-7720-2318-6,Borrowed
761,Environmental seat possible.,Scott Robles,978-0-9901772-9-6,Borrowed
762,Middle change run.,Sabrina Johnson,978-1-64054-051-4,Borrowed
763,Box interesting person.,Haley Smith,978-0-03-660650-6,Borrowed
764,Treatment in avoid.,Kimberly Cook,978-0-695-31627-3,Available
765,Player quickly light.,Matthew Williams,978-0-234-81388-1,Borrowed
766,Leave rule performance.,Kristen Rodriguez,978-0-326-39445-8,Available
767,History including.,April Wang,978-1-229-36924-6,Borrowed
768,Process indeed.,Stephanie Lewis,978-1-65221-907-1,Borrowed
769,Election quickly wide.,Nichole Brown,978-1-78647-783-5,Borrowed
770,Visit economic along.,Donald Hicks,978-1-322-39067-3,Available
771,Education mention natural heart.,Rebecca Nelson,978-1-346-32958-1,Available
772,Western us.,Susan Espinoza,978-1-917702-78-2,Available
773,Sign.,Jason Tucker,978-1-4091-2333-0,Borrowed
774,Him property.,Connie Oneal,978-0-06-297207-1,Available
775,Treat.,Matthew Mueller,978-0-541-09080-7,Available
776,Thank game.,Haley Walker,978-0-7113-4222-4,Borrowed
777,Tonight see our.,Audrey Ramos,978-0-498-26190-9,Borrowed
778,Style expert.,Brandon Carney,978-1-397-35176-0,Borrowed
779,Back already hope apply.,Justin Herrera,978-0-932513-30-4,Borrowed
780,Thousand.,Maria Mcdowell,978-0-19-662934-6,Available
781,Try step.,Kara Snow,978-0-12-326314-8,Borrowed
782,Through marriage TV.,Russell Martinez,978-0-368-75314-5,Borrowed
783,Majority sit surface.,Dale Scott,978-1-344-22242-6,Borrowed
784,Choose summer result yet.,Dominique Powers,978-1-253-17171-6,Available
785,Produce military.,Brenda Lee,978-1-235-98225-5,Available
786,Someone day.,Evan Salinas,978-1-65632-940-0,Borrowed
787,Service night.,Dakota Sawyer,978-0-408-07588-6,Borrowed
788,Receive answer happen.,James Bowman,978-0-334-80872-5,Available
789,Campaign certain risk.,James Sexton,978-0-9844895-4-1,Borrowed
790,Pm later spring pretty.,James Hurley,978-0-8166-5090-3,Available
791,Should cold.,Tammy Mckay,978-1-382-46099-6,Borrowed
792,Me agent six.,Linda Cummings,978-0-7180-6878-3,Available
793,Gas arm.,Richard Smith,978-0-904143-16-4,Available
794,Specific decide appear.,Alexander Reese,978-0-14-448835-3,Borrowed
795,War where sound.,Jeff Andrews,978-1-80769-146-2,Borrowed
796,Staff trade.,Amy Gonzalez,978-1-07-121387-2,Borrowed
797,Create computer.,Matthew Russo,978-0-684-95185-0,Available
798,Then yourself usually.,Maria Kirby,978-0-09-291212-2,Borrowed
799,Build conference.,Jennifer Johnson,978-0-435-73311-7,Borrowed
800,Country begin name.,Jerry Wood,978-1-894619-29-5,Available
801,After structure when.,Sarah Bruce,978-1-09-445815-1,Borrowed
802,Build little approach number.,Elizabeth Lopez,978-1-02-228784-6,Borrowed
803,Magazine operation after.,Mrs. Cassandra Schneider,978-1-316-01092-1,Available
804,Happy why bit.,Jonathan Sanchez,978-1-86557-066-2,Available
805,Myself.,Jacob Mcmillan,978-0-611-25685-0,Borrowed
806,Picture animal interview.,John Bauer,978-1-156-22114-3,Borrowed
807,Determine least.,Mark Coleman,978-1-07-584789-9,Borrowed
808,Recent production become.,Holly Collins,978-0-12-322132-2,Borrowed
809,Serve star through.,Breanna Beard,978-0-7915-4048-0,Available
810,Notice try.,Joel Bryant,978-1-76975-837-1,Available
811,Once usually even.,Jacob Kelley,978-1-186-21633-1,Available
812,Bit expect help.,Sandra Rush,978-0-9540664-9-9,Borrowed
813,Up yes nor.,Peter Wheeler,978-0-7327-5595-9,Borrowed
814,Week too.,Kevin Orr MD,978-0-85455-968-8,Available
815,Say produce.,Scott King,978-1-384-62559-1,Borrowed
816,Turn early.,Brent Baldwin,978-1-125-40863-6,Borrowed
817,Where into particular.,Brian Rose Jr.,978-1-163-41573-3,Available
818,Firm list.,Michael Schneider,978-1-4274-7783-5,Borrowed
819,Remain environmental land.,Amanda Jackson,978-1-55298-226-6,Available
820,Situation together rate.,Bryan Little,978-1-119-05758-1,Borrowed
821,Rest successful tonight.,Tammy Carroll,978-0-06-993525-3,Available
822,Mrs road weight.,Terry Clark,978-0-10-024509-9,Borrowed
823,Clear contain.,Kevin Henry,978-1-70163-872-3,Available
824,Marriage sure.,Rebecca Brown,978-0-547-17468-6,Borrowed
825,Address back.,Mr. Eric Barnett,978-1-85313-128-8,Available
826,Bar figure require.,Steven King,978-1-916061-27-9,Borrowed
827,Difference two idea.,Jeffrey Abbott,978-0-470-40008-1,Borrowed
828,Plant to prepare.,Tammy Simon,978-0-560-94252-1,Available
829,Present trip federal.,Andrew Conway,978-1-381-94406-0,Available
830,Treatment.,Christian Alvarez,978-0-235-81705-5,Borrowed
831,Main step her.,Richard Townsend,978-1-61663-873-3,Borrowed
832,Around past.,Kimberly Sullivan,978-0-9550695-0-5,Available
833,Eight animal scientist.,Sharon Santana,978-0-7577-4942-1,Borrowed
834,Interview office eight.,Clifford Scott,978-1-222-45830-5,Borrowed
835,Him life stay.,Stephanie Ryan,978-0-7171-1106-0,Borrowed
836,Hospital need spring guess.,Jerry Jones,978-1-153-88077-0,Borrowed
837,Current especially.,Zachary Cline,978-0-200-41450-0,Borrowed
838,Worry rate own.,Michelle Lang,978-1-214-79798-6,Available
839,Program manage new.,Joanna Mayo,978-0-206-84321-2,Available
840,Use loss black.,Kenneth West,978-1-881637-71-4,Borrowed
841,Maintain building third.,Nicole Kelley,978-0-663-91436-4,Borrowed
842,Instead ability would.,Brooke Rose,978-1-892641-47-2,Borrowed
843,Deep sort.,Daniel Alexander,978-1-901137-98-9,Borrowed
844,Interest compare.,Isaac Graham,978-0-8279-6625-3,Borrowed
845,Customer customer message.,Samantha Brown,978-1-9761-8112-2,Borrowed
846,Himself lay.,Cassandra Horton,978-0-8219-7281-6,Available
847,Never.,Ricky Nelson,978-0-269-10288-2,Borrowed
848,Actually night.,Cory Horn IV,978-1-5082-5903-9,Available
849,Edge by.,Tracy Brewer,978-0-06-101715-5,Available
850,Word.,Anthony Vargas,978-0-671-58276-0,Borrowed
851,Blood cold.,Michael Pennington,978-1-58617-336-4,Available
852,Government land.,Zachary Hunt,978-1-64978-281-6,Borrowed
853,Term remember.,Miranda Pope,978-0-274-92407-3,Borrowed
854,Several serious.,James Anderson,978-0-03-156681-2,Borrowed
855,Final consumer.,David Bean,978-1-102-88437-8,Available
856,Letter staff west.,Jeanette Williams,978-0-7993-7183-3,Borrowed
857,Economic across office.,Kevin Benson,978-0-522-20943-3,Available
858,Opportunity probably serious.,Sabrina Hansen,978-0-594-50538-9,Available
859,Reason total agency.,Denise Alvarado,978-0-09-046852-2,Available
860,Lay site.,Kim Higgins,978-0-672-97626-1,Available
861,Million rather.,Carrie Walker,978-0-12-463740-5,Available
862,Too hundred good.,Paul Lowe,978-0-242-27576-3,Available
863,Too box glass.,Logan Boyle,978-1-392-92122-7,Borrowed
864,First court fill.,Evelyn Williamson,978-1-07-619621-7,Borrowed
865,Town class.,Tiffany Luna,978-1-09-694134-7,Borrowed
866,Can both career.,Shari Bond,978-1-07-059496-5,Borrowed
867,Region already.,David Mcdowell,978-1-66766-415-6,Borrowed
868,Whether.,William Dean,978-0-359-82463-2,Available
869,Explain he.,David Chapman,978-1-4608-4604-9,Available
870,Yeah create.,Kristine Sanders,978-0-8031-7174-9,Available
871,Weight with.,Kevin Walsh,978-0-283-45828-6,Available
872,Difference production.,Scott Martinez,978-0-85894-870-9,Available
873,Mention he.,Jessica Thomas,978-0-03-950306-2,Available
874,Practice evidence.,Jonathan Krause,978-1-390-62573-8,Borrowed
875,Seem model spend.,Brent Bryant,978-0-08-197548-0,Available
876,Car city seven.,Jennifer Salinas,978-0-89058-384-5,Available
877,Establish cut.,Shelby Smith,978-1-994097-96-2,Borrowed
878,Job rule increase.,Timothy Brooks,978-0-89875-726-2,Borrowed
879,Present direction.,Theresa Smith,978-1-70893-812-3,Borrowed
880,Laugh forward.,Robin Brown,978-0-592-01525-5,Borrowed
881,Pressure might star star.,Nicole Hicks,978-0-9623337-5-0,Available
882,Mr best fly.,Dr. Thomas Carter V,978-0-7195-7758-1,Borrowed
883,Give husband.,Christopher Kidd,978-0-206-85300-6,Available
884,Care remain.,Kimberly Clark,978-1-209-75800-8,Available
885,Establish political take.,Kelly Walton,978-0-286-81267-2,Borrowed
886,I ahead.,Joseph Trevino,978-0-676-40190-5,Available
887,Company property area.,Felicia Pollard,978-1-197-67429-8,Available
888,Shake hope.,William Campbell,978-1-4672-9358-7,Borrowed
889,Whole doctor.,Alicia Hernandez,978-0-00-343470-5,Borrowed
890,Buy public medical.,David Robinson,978-0-903225-93-9,Available
891,Daughter want.,Brenda Sanford,978-0-7320-9656-4,Available
892,Industry moment support.,Marc Ramirez,978-1-77187-988-0,Borrowed
893,This finally system.,Megan Morales PhD,978-0-925679-47-5,Available
894,Medical.,Kristen Moran,978-1-4416-9798-1,Borrowed
895,Something station.,Sherry Gilmore,978-0-17-709921-2,Available
896,Environmental.,Donna Hester,978-1-239-71395-4,Borrowed
897,Idea lose.,Juan Tran,978-0-500-43343-0,Available
898,Who call or.,Ana Welch,978-1-81323-620-6,Available
899,Rule believe light.,Anthony Pham,978-0-7615-2940-8,Borrowed
900,Fear prove little.,Michael Carter,978-0-237-44454-9,Available
901,Benefit include join.,Denise Norman,978-1-5239-8892-1,Borrowed
902,Member understand.,Jasmine Burke,978-0-637-09872-4,Borrowed
903,Work how.,Mr. Micheal Williams,978-1-166-88714-8,Borrowed
904,Morning our energy.,Emily Adams,978-1-4741-8128-0,Borrowed
905,Than follow hour.,Matthew Wong,978-1-80810-781-8,Available
906,Under change address.,Steven Smith,978-0-8093-2307-4,Borrowed
907,Vote certainly.,Glenn Shelton,978-1-104-35412-1,Available
908,Officer especially seem.,Matthew Torres,978-0-7430-5520-8,Borrowed
909,She customer.,Timothy Rice,978-1-115-66434-9,Available
910,Choice particular growth.,Jerry Gregory,978-0-7739-5284-3,Borrowed
911,A measure.,Lee Clay,978-1-113-10322-2,Borrowed
912,Site.,Linda Phillips,978-0-07-862338-7,Borrowed
913,Tend country site.,Gail Holloway,978-0-11-978805-1,Available
914,One individual old.,Stephen Hughes,978-1-02-183710-3,Available
915,Economic figure.,Crystal Russo,978-0-921852-84-1,Available
916,Should.,Thomas Smith,978-0-04-810400-7,Borrowed
917,Responsibility two run.,James Patel,978-1-874829-16-4,Available
918,Consumer exactly.,Gerald Bruce,978-1-63353-348-6,Available
919,Nearly design.,Sarah Patterson MD,978-0-7022-1715-9,Borrowed
920,Others avoid.,Brendan Black MD,978-0-7050-2699-4,Available
921,Power start story.,Jill Torres,978-0-323-61440-5,Borrowed
922,College discussion.,Melissa Ruiz,978-0-580-07305-2,Available
923,Rise surface system.,Maria King,978-0-278-06744-8,Borrowed
924,Process product plant.,Trevor Valentine,978-1-75879-214-0,Available
925,Game military where.,Monica Davis,978-0-923698-33-1,Available
926,Hard.,Paul Humphrey,978-0-656-56148-3,Borrowed
927,Necessary population.,Ashley Bullock,978-0-13-052994-7,Borrowed
928,From rule grow.,Gregory Martin,978-0-586-78238-5,Available
929,Cultural player.,Frederick Potter,978-1-4906-5393-8,Available
930,Trip someone.,Timothy Gonzalez,978-0-437-69151-4,Borrowed
931,Way.,Laurie Olson,978-1-149-03584-9,Borrowed
932,Land car scientist.,Jay Shaw,978-1-77659-220-3,Available
933,Discussion.,Joanna Bates,978-0-926923-67-6,Borrowed
934,Decide everything back learn.,Curtis Snyder,978-0-345-50663-4,Borrowed
935,Early hair ever.,Jennifer Moore,978-0-411-57438-3,Borrowed
936,Near.,Scott Hodge,978-0-428-33640-0,Borrowed
937,Surface stand foot.,Albert Davis,978-1-64412-708-7,Borrowed
938,Know thought whatever.,Paige Welch,978-1-274-91295-4,Available
939,Money worker right.,Christopher Ward,978-0-09-080322-4,Borrowed
940,Campaign wind teach.,Joel Wiggins,978-0-86020-774-0,Available
941,Travel within.,Dawn Johnston,978-1-02-781634-8,Available
942,Step free.,Victoria Kirk MD,978-1-178-34223-9,Borrowed
943,Free process.,Alyssa Sanchez,978-1-01-378434-7,Borrowed
944,Including now magazine.,Shawn Frye,978-1-4363-8156-7,Borrowed
945,Star event.,Jennifer Murphy,978-0-341-14358-1,Available
946,Your popular the.,Edward Foster,978-1-07-383240-8,Borrowed
947,Son prove sometimes.,Benjamin Mendoza,978-1-254-79425-9,Borrowed
948,See police off.,Robert Smith,978-1-5453-3740-0,Available
949,Decision stock.,Samantha Roach,978-0-502-97023-0,Available
950,Across democratic.,Joshua Lee,978-0-7279-8848-5,Available
951,Somebody wide summer without.,Jermaine Harris,978-0-7840-7432-9,Available
952,Daughter station discuss.,Stephen Calderon,978-0-279-21392-9,Borrowed
953,Teach always western.,Jennifer Lee,978-0-467-63328-7,Available
954,Believe knowledge speak.,Megan Johnston,978-1-933581-83-5,Borrowed
955,Not position.,Jeremy Jones,978-1-63962-822-3,Borrowed
956,Car mother speech.,Jessica Hernandez,978-1-175-66145-6,Borrowed
957,Policy despite.,Randy Reyes,978-0-490-62028-5,Available
958,Court garden.,Louis Kim,978-0-615-25897-3,Available
959,Music.,Kathryn Gould,978-0-625-14265-1,Borrowed
960,Likely use both cultural.,Juan Hill,978-1-234-34372-9,Available
961,Reduce support.,Erin Morales,978-1-82832-687-9,Borrowed
962,Recognize detail.,Amanda White,978-0-08-271565-8,Borrowed
963,Top difficult.,Steven Adams,978-0-9554793-6-6,Available
964,Term president person for.,Billy George,978-0-7393-6568-7,Borrowed
965,Above general ball.,Frank Hall,978-0-09-407387-6,Available
966,Yes remember.,Annette Wade,978-1-4277-1278-3,Borrowed
967,Color go teach.,Tammy Lindsey,978-0-8450-5365-2,Borrowed
968,Mr onto.,Barbara King,978-1-350-30912-8,Available
969,Easy.,Jennifer Paul,978-0-470-97268-7,Borrowed
970,True your try.,Douglas Lane,978-1-5420-0168-7,Borrowed
971,Most clear pattern.,Jacob Norris MD,978-0-392-78306-4,Borrowed
972,Senior Mrs nearly.,Laura Morton,978-1-4008-7019-6,Available
973,We television avoid.,Emily Fisher,978-0-499-45022-7,Borrowed
974,Citizen.,Jessica Dean,978-0-427-72749-0,Borrowed
975,Sell community.,Martin Weaver,978-0-674-54188-7,Borrowed
976,Sometimes able receive.,Anne Johnson,978-0-246-73541-6,Borrowed
977,You reality me not.,William Pitts,978-1-08-297213-3,Borrowed
978,Now those television thing.,Matthew Liu,978-0-06-242915-5,Available
979,Center.,Christopher Wilson,978-0-603-61713-3,Borrowed
980,Two positive color.,Alexa Ortiz,978-1-104-79119-3,Available
981,Part area choice.,Nicholas Perez,978-1-250-60307-4,Available
982,Hand feel.,Sarah Adams,978-0-04-897178-4,Available
983,Run spring physical.,Timothy Andrews,978-0-670-61354-0,Borrowed
984,Government last.,Daniel Jones,978-1-4585-4035-5,Borrowed
985,Source force network.,Alexis Gardner,978-1-260-46217-3,Available
986,Happen determine.,Jennifer Nguyen,978-0-252-30756-0,Available
987,Window those soldier still.,Sherry Nelson,978-0-10-590936-1,Borrowed
988,Pressure yeah.,Joe Lawson,978-0-905618-15-9,Available
989,There common.,Kari Reeves,978-0-7551-9962-4,Borrowed
990,Too Republican player.,Sean Rivera,978-1-226-20988-0,Available
991,Everything job call until.,Patrick Hopkins,978-1-992327-61-0,Available
992,Stock produce yourself.,Kathryn Obrien,978-1-116-62818-0,Available
993,Information painting.,April Hale,978-1-155-28847-5,Available
994,Individual.,Danielle Patterson,978-1-03-675338-2,Borrowed
995,White pretty.,Becky Young,978-1-352-45769-8,Borrowed
996,At cultural deal.,Christine Watson,978-1-06-227981-8,Available
997,Physical some unit the.,Susan Butler,978-1-06-064830-2,Borrowed
998,Government region.,Jennifer Barton,978-1-65113-665-2,Available
999,His career training.,Jennifer Bailey,978-1-75252-372-6,Borrowed
1000,Story out staff large.,Christine Cooper,978-1-69765-409-7,Available
