id,name,phone
1,Charles Fisher,001-716-358-6608
2,Gabrielle Holland,960-622-3785x5566
3,Breanna Mills,444-576-3737x4499
4,Maria Wheeler,8496536920
5,Samantha Weber,(397)223-8765x25431
6,Norma Henderson,(922)834-2623x020
7,Ronald Holder,001-086-491-9710x744
8,Maria Miller,9704474421
9,Anthony Cooper,065.206.5850x66630
10,Charles Murphy,(879)548-3358
11,Brittany Wilson,853.546.8319
12,Stephen Green,(633)413-3661x965
13,Katie Newman,(024)113-5757x9863
14,Mark Garcia,120-988-3669x3663
15,Brandon Richards,573-238-3653
16,Kevin Franco,189.680.7832x472
17,Brooke Weber,001-215-823-3957x89498
18,Elizabeth Nguyen,990.764.6427
19,Vernon Carter,802-961-7914x38826
20,Amy Goodman,001-648-656-3639x3346
21,Rachel Vasquez,(994)643-0687
22,Omar Gomez,+1-862-845-4854x3265
23,Dr. Kyle Barker,(977)006-2918
24,Jason Graham,+1-042-376-4524x20715
25,Christine Anderson,+1-261-310-1478
26,Brittany Cuevas,001-881-549-9700x98707
27,Alexis Gibbs,001-798-860-1425
28,Laura Johnson,254.979.1929x397
29,Lisa Simmons,(507)291-0418x753
30,Kimberly Summers,+1-045-928-2460x462
31,Angela Long,(802)285-1857x74244
32,Mallory Parker,491.212.4274x43154
33,Steven Hernandez,429-878-4588x065
34,Melissa Ward,173-423-8104x4761
35,Frank Shaw,316-077-5928x83831
36,Keith Lawson,+1-449-152-0956
37,Chris Willis,(459)590-3830x4810
38,Kyle Wilson,001-660-949-0971x24404
39,Heather Juarez,001-161-379-0902x819
40,Sharon Smith,+1-474-389-1307x04578
41,Michele Gregory,+1-858-955-8397x3046
42,Melissa Lee,(706)617-8012x38189
43,Casey Santiago,001-040-688-3298x704
44,Judy Garcia DDS,4837115779
45,Debbie Ho,+1-071-416-1205
46,Heather Phillips,789-168-0893
47,Cynthia Schmidt,705.749.5116x8468
48,Kimberly Jennings,(738)726-6059x390
49,Ruth Davis,157.560.9737x8801
50,Jennifer Patton,4219338953
51,Marc Washington,398.214.2581
52,Jose Mccarthy,4081027219
53,Joseph Sanchez,104-684-7511
54,Julian Campbell,+1-005-657-4785x72272
55,Debra Stanley,+1-012-183-0158x211
56,Cassie Schneider,(817)643-0480
57,Krystal Stephens,176-287-4544
58,Jodi Oconnor,(305)607-6162x0101
59,Terri Hendrix,(669)698-2119
60,Richard Smith,+1-082-893-9794
61,Jennifer Juarez,(097)760-9792
62,Jessica Wright,+1-508-466-3109x070
63,Stephanie Carlson,201-280-8329
64,Thomas Miller,001-548-765-0748x0287
65,Anthony Rollins,(220)168-9559
66,Bryan Cunningham,925.405.2114
67,Elizabeth Huang,2641910238
68,Martin Torres,493.472.7582x44483
69,Carolyn Hall,001-967-914-8219x88562
70,Melinda Schmitt,3628628085
71,Kayla Vargas,+1-595-319-7584x79755
72,Michael Mcdonald,276.638.2739
73,Alexandra Harris,616-492-2058
74,Paul Stewart,(683)306-0335x06110
75,Bruce Weaver,490.422.7676x23006
76,Anne Lamb,(328)060-4008x43453
77,William Werner,748-382-6871x63070
78,Alexander Manning,(032)940-8412x26512
79,Sarah Miller,(585)081-9498
80,Scott Orr,(766)758-4022x303
81,Zachary Hicks,(817)605-1136x4912
82,Nathan Young,607.976.8702
83,Helen Sandoval,(657)165-9785x9755
84,Danielle Reid,349.011.5516x93914
85,Christopher Lee,480-600-5901x025
86,James Page,274.863.5414
87,Dennis Wells,450.119.9612
88,Amber Gonzalez,9525685918
89,Bryan Johnson,(949)839-7836x8560
90,Barry Williams,+1-503-457-2301x36569
91,Ryan Sandoval,7878625058
92,Thomas Little,(051)277-7728
93,Laura Smith,773-381-1113x49058
94,Cheryl Smith,(732)506-9223
95,Matthew Flores,333.374.1010x3646
96,Sheila Morris,982-847-9804x06059
97,Lisa Logan,(023)345-6354
98,Timothy Dixon,+1-870-988-4714x43183
99,Martha Buchanan,129-573-6284x99878
100,Theresa Bryant,(923)296-2983
